employee_id,effective_month,base_salary,bonus,currency
EMP0001,2020-10,771000,88000,INR
EMP0001,2021-04,848000,23000,INR
EMP0001,2022-04,916000,42000,INR
EMP0001,2023-04,987000,84000,INR
EMP0002,2022-08,2104000,107000,INR
EMP0002,2023-04,2251000,96000,INR
EMP0002,2024-04,2393000,13000,INR
EMP0002,2025-04,2582000,262000,INR
EMP0003,2019-12,1037000,77000,INR
EMP0003,2020-04,1199000,118000,INR
EMP0003,2021-04,1388000,204000,INR
EMP0003,2022-04,1621000,106000,INR
EMP0003,2023-04,1860000,298000,INR
EMP0003,2024-04,2127000,401000,INR
EMP0003,2025-04,2523000,340000,INR
EMP0004,2025-08,2419000,89000,INR
EMP0004,2026-04,2599000,222000,INR
EMP0005,2019-03,3079000,219000,INR
EMP0005,2019-04,3382000,245000,INR
EMP0005,2020-04,3628000,9000,INR
EMP0006,2019-09,2230000,245000,INR
EMP0006,2020-04,2415000,158000,INR
EMP0006,2021-04,2569000,439000,INR
EMP0006,2022-04,2788000,287000,INR
EMP0006,2023-04,3002000,406000,INR
EMP0006,2024-04,3326000,552000,INR
EMP0006,2025-04,3565000,43000,INR
EMP0006,2026-04,3855000,684000,INR
EMP0007,2024-09,530000,14000,INR
EMP0007,2025-04,574000,94000,INR
EMP0007,2026-04,632000,100000,INR
EMP0008,2020-04,1132000,207000,INR
EMP0008,2021-04,1342000,148000,INR
EMP0009,2026-01,1705000,278000,INR
EMP0009,2026-04,1853000,23000,INR
EMP0010,2022-09,1798000,285000,INR
EMP0010,2023-04,1963000,202000,INR
EMP0010,2024-04,2120000,62000,INR
EMP0010,2025-04,2262000,152000,INR
EMP0010,2026-04,2500000,84000,INR
EMP0011,2023-01,801000,2000,INR
EMP0011,2023-04,855000,121000,INR
EMP0011,2024-04,925000,91000,INR
EMP0011,2025-04,987000,27000,INR
EMP0011,2026-04,1058000,21000,INR
EMP0012,2020-10,2322000,562000,INR
EMP0012,2021-04,2712000,264000,INR
EMP0012,2022-04,3131000,227000,INR
EMP0012,2023-04,3639000,713000,INR
EMP0013,2023-07,499000,46000,INR
EMP0013,2024-04,547000,35000,INR
EMP0013,2025-04,594000,41000,INR
EMP0013,2026-04,651000,20000,INR
EMP0014,2022-09,738000,133000,INR
EMP0014,2023-04,812000,121000,INR
EMP0014,2024-04,883000,29000,INR
EMP0014,2025-04,951000,27000,INR
EMP0014,2026-04,1048000,47000,INR
EMP0015,2020-03,5161000,649000,INR
EMP0015,2020-04,5641000,974000,INR
EMP0015,2021-04,5985000,285000,INR
EMP0015,2022-04,6423000,295000,INR
EMP0015,2023-04,7081000,1204000,INR
EMP0015,2024-04,7576000,96000,INR
EMP0015,2025-04,8273000,31000,INR
EMP0015,2026-04,8942000,948000,INR
EMP0016,2021-07,3789000,69000,INR
EMP0016,2022-04,4077000,564000,INR
EMP0017,2019-10,3338000,127000,INR
EMP0017,2020-04,3616000,378000,INR
EMP0017,2021-04,3993000,73000,INR
EMP0017,2022-04,4401000,180000,INR
EMP0018,2025-06,1429000,249000,INR
EMP0019,2021-08,1228000,122000,INR
EMP0019,2022-04,1426000,220000,INR
EMP0019,2023-04,1648000,58000,INR
EMP0019,2024-04,1929000,427000,INR
EMP0019,2025-04,2282000,338000,INR
EMP0019,2026-04,2710000,108000,INR
EMP0020,2022-06,2607000,261000,INR
EMP0020,2023-04,2765000,297000,INR
EMP0020,2024-04,2970000,114000,INR
EMP0020,2025-04,3233000,244000,INR
EMP0021,2025-10,701000,96000,INR
EMP0021,2026-04,772000,31000,INR
EMP0022,2020-09,2030000,387000,INR
EMP0022,2021-04,2391000,216000,INR
EMP0022,2022-04,2761000,227000,INR
EMP0022,2023-04,3211000,345000,INR
EMP0022,2024-04,3680000,272000,INR
EMP0023,2022-10,771000,48000,INR
EMP0023,2023-04,850000,149000,INR
EMP0023,2024-04,923000,45000,INR
EMP0023,2025-04,1008000,166000,INR
EMP0023,2026-04,1100000,181000,INR
EMP0024,2023-11,768000,53000,INR
EMP0024,2024-04,839000,34000,INR
EMP0024,2025-04,890000,18000,INR
EMP0024,2026-04,954000,11000,INR
EMP0025,2023-08,2594000,423000,INR
EMP0025,2024-04,2774000,362000,INR
EMP0025,2025-04,3037000,144000,INR
EMP0025,2026-04,3369000,371000,INR
EMP0026,2023-01,639000,64000,INR
EMP0026,2023-04,684000,58000,INR
EMP0026,2024-04,736000,73000,INR
EMP0026,2025-04,815000,26000,INR
EMP0026,2026-04,889000,141000,INR
EMP0027,2025-09,530000,14000,INR
EMP0027,2026-04,567000,32000,INR
EMP0028,2025-03,1384000,96000,INR
EMP0028,2025-04,1580000,114000,INR
EMP0028,2026-04,1868000,24000,INR
EMP0029,2024-08,1199000,69000,INR
EMP0029,2025-04,1403000,108000,INR
EMP0029,2026-04,1618000,164000,INR
EMP0030,2021-03,4466000,383000,INR
EMP0030,2021-04,4862000,834000,INR
EMP0030,2022-04,5298000,269000,INR
EMP0030,2023-04,5709000,251000,INR
EMP0030,2024-04,6300000,1018000,INR
EMP0030,2025-04,6990000,1066000,INR
EMP0031,2019-03,1245000,174000,INR
EMP0031,2019-04,1357000,60000,INR
EMP0031,2020-04,1494000,58000,INR
EMP0031,2021-04,1630000,171000,INR
EMP0031,2022-04,1783000,51000,INR
EMP0031,2023-04,1960000,182000,INR
EMP0031,2024-04,2156000,271000,INR
EMP0031,2025-04,2362000,352000,INR
EMP0031,2026-04,2537000,250000,INR
EMP0032,2020-09,825000,137000,INR
EMP0032,2021-04,909000,57000,INR
EMP0032,2022-04,977000,87000,INR
EMP0032,2023-04,1063000,149000,INR
EMP0032,2024-04,1168000,193000,INR
EMP0032,2025-04,1287000,188000,INR
EMP0033,2021-03,872000,51000,INR
EMP0033,2021-04,938000,105000,INR
EMP0033,2022-04,999000,124000,INR
EMP0034,2022-05,588000,51000,INR
EMP0035,2023-07,1295000,79000,INR
EMP0035,2024-04,1413000,202000,INR
EMP0035,2025-04,1529000,123000,INR
EMP0035,2026-04,1685000,114000,INR
EMP0036,2026-02,1932000,267000,INR
EMP0036,2026-04,2230000,90000,INR
EMP0037,2025-12,5113000,1165000,INR
EMP0037,2026-04,6062000,1376000,INR
EMP0038,2025-05,1280000,172000,INR
EMP0038,2026-04,1361000,190000,INR
EMP0039,2026-05,2757000,15000,INR
EMP0040,2021-12,2421000,217000,INR
EMP0040,2022-04,2574000,257000,INR
EMP0041,2026-06,1284000,93000,INR
EMP0042,2024-07,482000,79000,INR
EMP0043,2023-07,1306000,124000,INR
EMP0043,2024-04,1425000,199000,INR
EMP0043,2025-04,1539000,109000,INR
EMP0043,2026-04,1703000,180000,INR
EMP0044,2025-04,927000,182000,INR
EMP0044,2026-04,1092000,11000,INR
EMP0045,2022-12,4795000,840000,INR
EMP0045,2023-04,5191000,596000,INR
EMP0045,2024-04,5593000,455000,INR
EMP0045,2025-04,6042000,950000,INR
EMP0045,2026-04,6576000,264000,INR
EMP0046,2021-11,1918000,339000,INR
EMP0046,2022-04,2080000,188000,INR
EMP0046,2023-04,2287000,378000,INR
EMP0046,2024-04,2531000,287000,INR
EMP0046,2025-04,2799000,330000,INR
EMP0046,2026-04,3047000,22000,INR
EMP0047,2022-12,4278000,177000,INR
EMP0047,2023-04,4616000,557000,INR
EMP0047,2024-04,5048000,592000,INR
EMP0047,2025-04,5564000,421000,INR
EMP0047,2026-04,6029000,534000,INR
EMP0048,2022-03,1250000,246000,INR
EMP0048,2022-04,1446000,349000,INR
EMP0048,2023-04,1705000,191000,INR
EMP0048,2024-04,2016000,351000,INR
EMP0048,2025-04,2326000,202000,INR
EMP0048,2026-04,2760000,407000,INR
EMP0049,2023-07,1456000,14000,INR
EMP0049,2024-04,1576000,136000,INR
EMP0050,2023-08,1402000,237000,INR
EMP0050,2024-04,1494000,92000,INR
EMP0050,2025-04,1628000,200000,INR
EMP0050,2026-04,1799000,241000,INR
EMP0051,2021-08,432000,65000,INR
EMP0051,2022-04,468000,46000,INR
EMP0051,2023-04,517000,72000,INR
EMP0052,2021-05,777000,15000,INR
EMP0052,2022-04,924000,155000,INR
EMP0052,2023-04,1075000,222000,INR
EMP0052,2024-04,1257000,162000,INR
EMP0052,2025-04,1477000,133000,INR
EMP0052,2026-04,1730000,68000,INR
EMP0053,2021-08,2196000,143000,INR
EMP0053,2022-04,2352000,361000,INR
EMP0053,2023-04,2602000,339000,INR
EMP0053,2024-04,2874000,287000,INR
EMP0054,2019-11,861000,52000,INR
EMP0054,2020-04,950000,119000,INR
EMP0054,2021-04,1030000,55000,INR
EMP0054,2022-04,1100000,22000,INR
EMP0054,2023-04,1171000,102000,INR
EMP0054,2024-04,1270000,171000,INR
EMP0055,2022-11,2294000,27000,INR
EMP0055,2023-04,2539000,40000,INR
EMP0055,2024-04,2748000,321000,INR
EMP0055,2025-04,2960000,308000,INR
EMP0055,2026-04,3214000,408000,INR
EMP0056,2024-11,6319000,511000,INR
EMP0056,2025-04,6883000,535000,INR
EMP0056,2026-04,7503000,1069000,INR
EMP0057,2024-07,794000,30000,INR
EMP0057,2025-04,876000,13000,INR
EMP0057,2026-04,937000,91000,INR
EMP0058,2020-09,1196000,149000,INR
EMP0058,2021-04,1276000,37000,INR
EMP0058,2022-04,1390000,73000,INR
EMP0059,2021-11,1037000,180000,INR
EMP0059,2022-04,1104000,160000,INR
EMP0059,2023-04,1173000,151000,INR
EMP0060,2022-06,467000,20000,INR
EMP0060,2023-04,516000,65000,INR
EMP0061,2019-03,2902000,263000,INR
EMP0061,2019-04,3187000,309000,INR
EMP0061,2020-04,3447000,237000,INR
EMP0062,2020-09,2233000,102000,INR
EMP0062,2021-04,2475000,354000,INR
EMP0062,2022-04,2689000,90000,INR
EMP0062,2023-04,2969000,8000,INR
EMP0062,2024-04,3210000,541000,INR
EMP0062,2025-04,3557000,129000,INR
EMP0062,2026-04,3809000,481000,INR
EMP0063,2019-01,571000,82000,INR
EMP0063,2019-04,668000,60000,INR
EMP0063,2020-04,793000,155000,INR
EMP0063,2021-04,907000,146000,INR
EMP0063,2022-04,1068000,245000,INR
EMP0063,2023-04,1243000,30000,INR
EMP0063,2024-04,1461000,188000,INR
EMP0063,2025-04,1681000,271000,INR
EMP0063,2026-04,1917000,33000,INR
EMP0064,2023-12,1375000,130000,INR
EMP0064,2024-04,1460000,201000,INR
EMP0064,2025-04,1606000,268000,INR
EMP0064,2026-04,1723000,183000,INR
EMP0065,2019-04,837000,150000,INR
EMP0065,2020-04,893000,104000,INR
EMP0065,2021-04,959000,42000,INR
EMP0065,2022-04,1038000,97000,INR
EMP0065,2023-04,1106000,47000,INR
EMP0065,2024-04,1203000,25000,INR
EMP0065,2025-04,1302000,180000,INR
EMP0065,2026-04,1399000,8000,INR
EMP0066,2022-09,7155000,198000,INR
EMP0066,2023-04,7842000,367000,INR
EMP0066,2024-04,8334000,582000,INR
EMP0066,2025-04,9207000,1258000,INR
EMP0066,2026-04,9820000,1331000,INR
EMP0067,2019-04,2925000,670000,INR
EMP0067,2020-04,3474000,785000,INR
EMP0068,2019-01,6592000,326000,INR
EMP0068,2019-04,7173000,171000,INR
EMP0068,2020-04,7788000,899000,INR
EMP0068,2021-04,8376000,1394000,INR
EMP0069,2020-02,3510000,370000,INR
EMP0069,2020-04,3796000,662000,INR
EMP0070,2025-08,1385000,173000,INR
EMP0070,2026-04,1497000,142000,INR
EMP0071,2019-12,816000,172000,INR
EMP0071,2020-04,938000,146000,INR
EMP0071,2021-04,1102000,2000,INR
EMP0071,2022-04,1272000,122000,INR
EMP0071,2023-04,1494000,314000,INR
EMP0071,2024-04,1729000,423000,INR
EMP0071,2025-04,1993000,409000,INR
EMP0071,2026-04,2294000,198000,INR
EMP0072,2019-08,613000,79000,INR
EMP0072,2020-04,680000,120000,INR
EMP0072,2021-04,737000,78000,INR
EMP0073,2025-10,5078000,608000,INR
EMP0073,2026-04,6027000,454000,INR
EMP0074,2019-03,1394000,228000,INR
EMP0074,2019-04,1653000,146000,INR
EMP0074,2020-04,1921000,457000,INR
EMP0074,2021-04,2247000,179000,INR
EMP0074,2022-04,2649000,6000,INR
EMP0074,2023-04,3058000,681000,INR
EMP0074,2024-04,3490000,256000,INR
EMP0074,2025-04,4050000,836000,INR
EMP0075,2020-08,1355000,31000,INR
EMP0075,2021-04,1447000,111000,INR
EMP0076,2024-03,1826000,38000,INR
EMP0076,2024-04,2019000,289000,INR
EMP0076,2025-04,2195000,392000,INR
EMP0076,2026-04,2330000,129000,INR
EMP0077,2020-12,4921000,392000,INR
EMP0077,2021-04,5362000,670000,INR
EMP0077,2022-04,5742000,492000,INR
EMP0077,2023-04,6340000,47000,INR
EMP0077,2024-04,6735000,1053000,INR
EMP0077,2025-04,7438000,993000,INR
EMP0077,2026-04,7905000,391000,INR
EMP0078,2026-01,1666000,224000,INR
EMP0078,2026-04,1840000,126000,INR
EMP0079,2019-02,6668000,340000,INR
EMP0079,2019-04,7171000,210000,INR
EMP0079,2020-04,7828000,119000,INR
EMP0079,2021-04,8631000,605000,INR
EMP0079,2022-04,9393000,960000,INR
EMP0079,2023-04,10081000,435000,INR
EMP0079,2024-04,10800000,508000,INR
EMP0079,2025-04,11673000,925000,INR
EMP0080,2025-05,1431000,155000,INR
EMP0080,2026-04,1573000,102000,INR
EMP0081,2021-08,3950000,118000,INR
EMP0081,2022-04,4318000,754000,INR
EMP0081,2023-04,4656000,312000,INR
EMP0081,2024-04,5152000,645000,INR
EMP0081,2025-04,5681000,25000,INR
EMP0082,2020-08,1505000,302000,INR
EMP0082,2021-04,1726000,430000,INR
EMP0082,2022-04,1980000,427000,INR
EMP0082,2023-04,2319000,229000,INR
EMP0082,2024-04,2662000,221000,INR
EMP0082,2025-04,3099000,651000,INR
EMP0083,2022-03,4609000,446000,INR
EMP0083,2022-04,4969000,853000,INR
EMP0083,2023-04,5506000,557000,INR
EMP0083,2024-04,5951000,7000,INR
EMP0083,2025-04,6487000,187000,INR
EMP0083,2026-04,7197000,45000,INR
EMP0084,2022-12,5437000,19000,INR
EMP0084,2023-04,5898000,850000,INR
EMP0084,2024-04,6518000,158000,INR
EMP0084,2025-04,6912000,137000,INR
EMP0084,2026-04,7350000,433000,INR
EMP0085,2023-12,1530000,147000,INR
EMP0085,2024-04,1675000,40000,INR
EMP0085,2025-04,1834000,202000,INR
EMP0086,2021-07,2653000,231000,INR
EMP0086,2022-04,2827000,152000,INR
EMP0086,2023-04,3082000,251000,INR
EMP0086,2024-04,3349000,248000,INR
EMP0086,2025-04,3597000,329000,INR
EMP0087,2020-09,970000,76000,INR
EMP0087,2021-04,1031000,171000,INR
EMP0087,2022-04,1110000,16000,INR
EMP0087,2023-04,1221000,22000,INR
EMP0087,2024-04,1321000,185000,INR
EMP0087,2025-04,1443000,185000,INR
EMP0087,2026-04,1547000,106000,INR
EMP0088,2025-12,1039000,69000,INR
EMP0088,2026-04,1116000,4000,INR
EMP0089,2023-11,2135000,271000,INR
EMP0089,2024-04,2519000,505000,INR
EMP0089,2025-04,2954000,260000,INR
EMP0089,2026-04,3509000,689000,INR
EMP0090,2022-02,817000,122000,INR
EMP0090,2022-04,874000,111000,INR
EMP0090,2023-04,951000,100000,INR
EMP0090,2024-04,1014000,17000,INR
EMP0091,2021-10,1261000,169000,INR
EMP0091,2022-04,1340000,228000,INR
EMP0091,2023-04,1442000,207000,INR
EMP0091,2024-04,1538000,120000,INR
EMP0092,2025-01,953000,190000,INR
EMP0092,2025-04,1131000,171000,INR
EMP0092,2026-04,1302000,263000,INR
EMP0093,2024-12,3451000,486000,INR
EMP0093,2025-04,3747000,507000,INR
EMP0094,2021-02,721000,39000,INR
EMP0094,2021-04,844000,10000,INR
EMP0094,2022-04,986000,63000,INR
EMP0094,2023-04,1169000,48000,INR
EMP0094,2024-04,1380000,69000,INR
EMP0094,2025-04,1591000,288000,INR
EMP0094,2026-04,1826000,424000,INR
EMP0095,2020-04,4038000,456000,INR
EMP0095,2021-04,4420000,476000,INR
EMP0095,2022-04,4892000,683000,INR
EMP0096,2023-03,860000,117000,INR
EMP0096,2023-04,937000,161000,INR
EMP0096,2024-04,1027000,23000,INR
EMP0097,2023-06,3664000,220000,INR
EMP0097,2024-04,4318000,879000,INR
EMP0097,2025-04,4971000,1029000,INR
EMP0097,2026-04,5820000,81000,INR
EMP0098,2025-03,829000,176000,INR
EMP0098,2025-04,986000,228000,INR
EMP0098,2026-04,1134000,44000,INR
EMP0099,2021-01,911000,45000,INR
EMP0099,2021-04,1006000,34000,INR
EMP0099,2022-04,1086000,159000,INR
EMP0099,2023-04,1190000,65000,INR
EMP0099,2024-04,1281000,133000,INR
EMP0099,2025-04,1420000,124000,INR
EMP0099,2026-04,1559000,138000,INR
EMP0100,2020-02,790000,26000,INR
EMP0100,2020-04,848000,75000,INR
EMP0100,2021-04,904000,109000,INR
EMP0100,2022-04,1000000,92000,INR
EMP0100,2023-04,1069000,3000,INR
EMP0100,2024-04,1177000,206000,INR
EMP0100,2025-04,1256000,55000,INR
EMP0100,2026-04,1389000,123000,INR
EMP0101,2025-12,2284000,48000,INR
EMP0101,2026-04,2493000,362000,INR
EMP0102,2024-09,642000,49000,INR
EMP0102,2025-04,707000,122000,INR
EMP0102,2026-04,762000,66000,INR
EMP0103,2026-06,2040000,330000,INR
EMP0104,2021-01,2410000,216000,INR
EMP0104,2021-04,2654000,198000,INR
EMP0104,2022-04,2838000,218000,INR
EMP0104,2023-04,3115000,334000,INR
EMP0104,2024-04,3369000,336000,INR
EMP0104,2025-04,3636000,633000,INR
EMP0104,2026-04,3954000,368000,INR
EMP0105,2023-10,1011000,107000,INR
EMP0105,2024-04,1091000,133000,INR
EMP0105,2025-04,1159000,198000,INR
EMP0105,2026-04,1251000,110000,INR
EMP0106,2022-06,1127000,43000,INR
EMP0106,2023-04,1206000,102000,INR
EMP0106,2024-04,1310000,9000,INR
EMP0106,2025-04,1403000,183000,INR
EMP0106,2026-04,1499000,114000,INR
EMP0107,2023-05,953000,102000,INR
EMP0107,2024-04,1040000,107000,INR
EMP0107,2025-04,1117000,177000,INR
EMP0107,2026-04,1226000,83000,INR
EMP0108,2025-09,2896000,227000,INR
EMP0108,2026-04,3175000,541000,INR
EMP0109,2022-05,1246000,151000,INR
EMP0109,2023-04,1358000,57000,INR
EMP0109,2024-04,1477000,60000,INR
EMP0109,2025-04,1622000,113000,INR
EMP0110,2019-04,770000,74000,INR
EMP0110,2020-04,843000,32000,INR
EMP0110,2021-04,906000,99000,INR
EMP0110,2022-04,979000,44000,INR
EMP0111,2025-06,612000,76000,INR
EMP0111,2026-04,658000,57000,INR
EMP0112,2021-11,3901000,264000,INR
EMP0112,2022-04,4532000,460000,INR
EMP0112,2023-04,5362000,958000,INR
EMP0112,2024-04,6223000,98000,INR
EMP0112,2025-04,7149000,947000,INR
EMP0112,2026-04,8259000,1690000,INR
EMP0113,2026-02,725000,45000,INR
EMP0113,2026-04,852000,165000,INR
EMP0114,2021-05,5557000,353000,INR
EMP0115,2023-03,1606000,38000,INR
EMP0115,2023-04,1753000,48000,INR
EMP0115,2024-04,1885000,81000,INR
EMP0115,2025-04,2089000,95000,INR
EMP0115,2026-04,2272000,346000,INR
EMP0116,2019-10,1780000,5000,INR
EMP0116,2020-04,2105000,287000,INR
EMP0116,2021-04,2455000,557000,INR
EMP0116,2022-04,2834000,294000,INR
EMP0116,2023-04,3277000,764000,INR
EMP0116,2024-04,3814000,177000,INR
EMP0116,2025-04,4530000,960000,INR
EMP0117,2020-02,3111000,557000,INR
EMP0117,2020-04,3368000,4000,INR
EMP0117,2021-04,3613000,351000,INR
EMP0117,2022-04,3947000,84000,INR
EMP0117,2023-04,4188000,109000,INR
EMP0117,2024-04,4506000,515000,INR
EMP0117,2025-04,4831000,449000,INR
EMP0117,2026-04,5284000,142000,INR
EMP0118,2022-04,2297000,488000,INR
EMP0118,2023-04,2647000,505000,INR
EMP0118,2024-04,3031000,447000,INR
EMP0118,2025-04,3535000,715000,INR
EMP0118,2026-04,4088000,192000,INR
EMP0119,2023-07,622000,52000,INR
EMP0119,2024-04,683000,95000,INR
EMP0119,2025-04,756000,79000,INR
EMP0120,2021-07,558000,63000,INR
EMP0120,2022-04,657000,156000,INR
EMP0120,2023-04,760000,40000,INR
EMP0120,2024-04,867000,90000,INR
EMP0120,2025-04,990000,76000,INR
EMP0120,2026-04,1157000,207000,INR
EMP0121,2022-07,1392000,113000,INR
EMP0121,2023-04,1510000,203000,INR
EMP0121,2024-04,1631000,204000,INR
EMP0121,2025-04,1735000,44000,INR
EMP0121,2026-04,1898000,175000,INR
EMP0122,2023-02,1562000,73000,INR
EMP0122,2023-04,1683000,193000,INR
EMP0122,2024-04,1792000,192000,INR
EMP0122,2025-04,1952000,299000,INR
EMP0122,2026-04,2106000,230000,INR
EMP0123,2021-10,1155000,57000,INR
EMP0123,2022-04,1238000,72000,INR
EMP0123,2023-04,1332000,63000,INR
EMP0123,2024-04,1447000,179000,INR
EMP0123,2025-04,1537000,25000,INR
EMP0123,2026-04,1685000,178000,INR
EMP0124,2024-12,1400000,228000,INR
EMP0124,2025-04,1549000,231000,INR
EMP0124,2026-04,1666000,74000,INR
EMP0125,2026-05,795000,83000,INR
EMP0126,2021-03,1463000,88000,INR
EMP0126,2021-04,1599000,145000,INR
EMP0126,2022-04,1727000,68000,INR
EMP0126,2023-04,1891000,299000,INR
EMP0126,2024-04,2086000,229000,INR
EMP0126,2025-04,2287000,38000,INR
EMP0126,2026-04,2490000,288000,INR
EMP0127,2023-03,4427000,473000,INR
EMP0127,2023-04,4848000,54000,INR
EMP0127,2024-04,5329000,801000,INR
EMP0127,2025-04,5680000,627000,INR
EMP0128,2021-01,494000,51000,INR
EMP0128,2021-04,536000,74000,INR
EMP0128,2022-04,591000,13000,INR
EMP0128,2023-04,654000,91000,INR
EMP0129,2019-12,604000,21000,INR
EMP0129,2020-04,703000,8000,INR
EMP0129,2021-04,805000,78000,INR
EMP0129,2022-04,944000,208000,INR
EMP0129,2023-04,1091000,186000,INR
EMP0130,2021-03,3450000,280000,INR
EMP0130,2021-04,3769000,186000,INR
EMP0130,2022-04,4109000,212000,INR
EMP0130,2023-04,4445000,430000,INR
EMP0130,2024-04,4872000,584000,INR
EMP0130,2025-04,5272000,115000,INR
EMP0130,2026-04,5631000,424000,INR
EMP0131,2025-02,673000,119000,INR
EMP0131,2025-04,741000,3000,INR
EMP0131,2026-04,790000,33000,INR
EMP0132,2021-01,3005000,425000,INR
EMP0132,2021-04,3267000,572000,INR
EMP0132,2022-04,3575000,315000,INR
EMP0132,2023-04,3801000,235000,INR
EMP0132,2024-04,4113000,136000,INR
EMP0132,2025-04,4382000,135000,INR
EMP0132,2026-04,4654000,321000,INR
EMP0133,2023-03,3439000,224000,INR
EMP0133,2023-04,3771000,219000,INR
EMP0133,2024-04,4005000,235000,INR
EMP0133,2025-04,4415000,621000,INR
EMP0133,2026-04,4825000,209000,INR
EMP0134,2022-08,1347000,226000,INR
EMP0134,2023-04,1467000,174000,INR
EMP0134,2024-04,1569000,15000,INR
EMP0134,2025-04,1724000,208000,INR
EMP0134,2026-04,1866000,303000,INR
EMP0135,2023-07,3030000,366000,INR
EMP0135,2024-04,3274000,399000,INR
EMP0135,2025-04,3560000,326000,INR
EMP0136,2025-12,886000,99000,INR
EMP0136,2026-04,941000,97000,INR
EMP0137,2021-12,1430000,27000,INR
EMP0137,2022-04,1584000,174000,INR
EMP0137,2023-04,1725000,58000,INR
EMP0137,2024-04,1860000,177000,INR
EMP0137,2025-04,2060000,365000,INR
EMP0137,2026-04,2259000,403000,INR
EMP0138,2024-10,782000,82000,INR
EMP0138,2025-04,908000,218000,INR
EMP0138,2026-04,1075000,1000,INR
EMP0139,2024-03,2656000,269000,INR
EMP0139,2024-04,2945000,301000,INR
EMP0139,2025-04,3191000,137000,INR
EMP0139,2026-04,3433000,387000,INR
EMP0140,2025-02,601000,75000,INR
EMP0140,2025-04,665000,118000,INR
EMP0140,2026-04,736000,67000,INR
EMP0141,2021-06,1892000,293000,INR
EMP0141,2022-04,2039000,271000,INR
EMP0141,2023-04,2192000,189000,INR
EMP0141,2024-04,2419000,59000,INR
EMP0141,2025-04,2622000,241000,INR
EMP0141,2026-04,2859000,333000,INR
EMP0142,2021-01,2437000,142000,INR
EMP0142,2021-04,2631000,132000,INR
EMP0142,2022-04,2896000,423000,INR
EMP0142,2023-04,3182000,68000,INR
EMP0142,2024-04,3513000,167000,INR
EMP0142,2025-04,3800000,215000,INR
EMP0142,2026-04,4162000,701000,INR
EMP0143,2021-05,4107000,534000,INR
EMP0144,2019-04,868000,70000,INR
EMP0144,2020-04,957000,146000,INR
EMP0145,2020-02,1341000,42000,INR
EMP0145,2020-04,1433000,168000,INR
EMP0145,2021-04,1535000,255000,INR
EMP0145,2022-04,1635000,195000,INR
EMP0146,2025-05,5997000,811000,INR
EMP0146,2026-04,6542000,561000,INR
EMP0147,2020-08,1245000,113000,INR
EMP0147,2021-04,1370000,161000,INR
EMP0147,2022-04,1453000,166000,INR
EMP0147,2023-04,1591000,186000,INR
EMP0147,2024-04,1734000,231000,INR
EMP0148,2019-02,2229000,272000,INR
EMP0148,2019-04,2420000,39000,INR
EMP0148,2020-04,2585000,1000,INR
EMP0148,2021-04,2828000,191000,INR
EMP0148,2022-04,3086000,192000,INR
EMP0148,2023-04,3330000,163000,INR
EMP0148,2024-04,3576000,291000,INR
EMP0148,2025-04,3886000,489000,INR
EMP0148,2026-04,4138000,103000,INR
EMP0149,2026-02,3455000,405000,INR
EMP0149,2026-04,3740000,88000,INR
EMP0150,2022-11,1382000,219000,INR
EMP0150,2023-04,1495000,73000,INR
EMP0150,2024-04,1595000,227000,INR
EMP0150,2025-04,1734000,140000,INR
EMP0150,2026-04,1878000,247000,INR
EMP0151,2021-12,810000,19000,INR
EMP0151,2022-04,898000,7000,INR
EMP0151,2023-04,994000,89000,INR
EMP0151,2024-04,1075000,137000,INR
EMP0151,2025-04,1183000,12000,INR
EMP0152,2023-09,3526000,38000,INR
EMP0152,2024-04,3869000,165000,INR
EMP0152,2025-04,4229000,162000,INR
EMP0152,2026-04,4679000,521000,INR
EMP0153,2022-09,2134000,178000,INR
EMP0153,2023-04,2271000,137000,INR
EMP0153,2024-04,2476000,64000,INR
EMP0153,2025-04,2662000,243000,INR
EMP0153,2026-04,2867000,369000,INR
EMP0154,2022-08,1634000,187000,INR
EMP0154,2023-04,1897000,211000,INR
EMP0154,2024-04,2235000,339000,INR
EMP0154,2025-04,2555000,11000,INR
EMP0154,2026-04,2965000,699000,INR
EMP0155,2024-08,3940000,448000,INR
EMP0155,2025-04,4303000,726000,INR
EMP0155,2026-04,4585000,184000,INR
EMP0156,2024-04,1373000,226000,INR
EMP0156,2025-04,1460000,119000,INR
EMP0157,2020-11,765000,74000,INR
EMP0157,2021-04,838000,56000,INR
EMP0158,2022-11,3484000,347000,INR
EMP0158,2023-04,3728000,220000,INR
EMP0158,2024-04,3955000,683000,INR
EMP0158,2025-04,4320000,247000,INR
EMP0158,2026-04,4665000,191000,INR
EMP0159,2023-08,1339000,47000,INR
EMP0159,2024-04,1442000,257000,INR
EMP0159,2025-04,1593000,97000,INR
EMP0159,2026-04,1758000,313000,INR
EMP0160,2021-12,1235000,159000,INR
EMP0160,2022-04,1357000,176000,INR
EMP0160,2023-04,1484000,141000,INR
EMP0160,2024-04,1579000,179000,INR
EMP0161,2019-08,1429000,87000,INR
EMP0161,2020-04,1534000,118000,INR
EMP0161,2021-04,1675000,147000,INR
EMP0161,2022-04,1779000,94000,INR
EMP0161,2023-04,1901000,241000,INR
EMP0161,2024-04,2091000,193000,INR
EMP0162,2020-08,775000,32000,INR
EMP0162,2021-04,892000,199000,INR
EMP0162,2022-04,1034000,21000,INR
EMP0162,2023-04,1184000,298000,INR
EMP0162,2024-04,1398000,351000,INR
EMP0162,2025-04,1629000,374000,INR
EMP0162,2026-04,1861000,198000,INR
EMP0163,2022-10,1420000,221000,INR
EMP0163,2023-04,1663000,224000,INR
EMP0163,2024-04,1924000,185000,INR
EMP0164,2019-08,683000,3000,INR
EMP0164,2020-04,735000,117000,INR
EMP0165,2020-06,3253000,480000,INR
EMP0165,2021-04,3834000,839000,INR
EMP0165,2022-04,4509000,706000,INR
EMP0165,2023-04,5301000,1304000,INR
EMP0165,2024-04,6228000,283000,INR
EMP0165,2025-04,7110000,575000,INR
EMP0166,2022-01,889000,142000,INR
EMP0166,2022-04,1057000,6000,INR
EMP0166,2023-04,1210000,142000,INR
EMP0166,2024-04,1405000,186000,INR
EMP0166,2025-04,1667000,40000,INR
EMP0166,2026-04,1909000,70000,INR
EMP0167,2019-12,648000,105000,INR
EMP0167,2020-04,705000,69000,INR
EMP0167,2021-04,780000,46000,INR
EMP0167,2022-04,848000,101000,INR
EMP0167,2023-04,910000,21000,INR
EMP0167,2024-04,1005000,62000,INR
EMP0167,2025-04,1086000,75000,INR
EMP0167,2026-04,1193000,168000,INR
EMP0168,2021-05,496000,6000,INR
EMP0169,2022-11,2336000,218000,INR
EMP0169,2023-04,2477000,412000,INR
EMP0170,2022-04,2119000,86000,INR
EMP0170,2023-04,2335000,115000,INR
EMP0170,2024-04,2505000,353000,INR
EMP0170,2025-04,2696000,341000,INR
EMP0171,2025-01,2851000,316000,INR
EMP0171,2025-04,3043000,196000,INR
EMP0171,2026-04,3329000,86000,INR
EMP0172,2021-06,3414000,15000,INR
EMP0172,2022-04,3654000,251000,INR
EMP0173,2022-02,541000,5000,INR
EMP0173,2022-04,580000,90000,INR
EMP0173,2023-04,627000,9000,INR
EMP0174,2024-05,3029000,558000,INR
EMP0174,2025-04,3576000,337000,INR
EMP0174,2026-04,4158000,1045000,INR
EMP0175,2021-07,1352000,121000,INR
EMP0175,2022-04,1580000,78000,INR
EMP0175,2023-04,1872000,174000,INR
EMP0175,2024-04,2140000,380000,INR
EMP0175,2025-04,2485000,134000,INR
EMP0175,2026-04,2940000,222000,INR
EMP0176,2024-11,2511000,349000,INR
EMP0176,2025-04,2927000,590000,INR
EMP0176,2026-04,3356000,606000,INR
EMP0177,2023-09,743000,126000,INR
EMP0177,2024-04,809000,99000,INR
EMP0177,2025-04,882000,3000,INR
EMP0177,2026-04,946000,127000,INR
EMP0178,2025-07,2029000,172000,INR
EMP0178,2026-04,2151000,207000,INR
EMP0179,2023-12,814000,133000,INR
EMP0179,2024-04,891000,44000,INR
EMP0179,2025-04,976000,163000,INR
EMP0179,2026-04,1074000,167000,INR
EMP0180,2020-05,802000,12000,INR
EMP0180,2021-04,867000,142000,INR
EMP0180,2022-04,956000,155000,INR
EMP0180,2023-04,1019000,151000,INR
EMP0180,2024-04,1117000,183000,INR
EMP0181,2021-11,647000,46000,INR
EMP0181,2022-04,710000,22000,INR
EMP0181,2023-04,770000,34000,INR
EMP0181,2024-04,825000,139000,INR
EMP0181,2025-04,909000,118000,INR
EMP0181,2026-04,1003000,75000,INR
EMP0182,2020-10,734000,84000,INR
EMP0182,2021-04,812000,134000,INR
EMP0182,2022-04,879000,132000,INR
EMP0182,2023-04,939000,92000,INR
EMP0182,2024-04,1012000,180000,INR
EMP0182,2025-04,1092000,3000,INR
EMP0183,2020-10,1283000,191000,INR
EMP0183,2021-04,1512000,81000,INR
EMP0183,2022-04,1766000,311000,INR
EMP0183,2023-04,2029000,123000,INR
EMP0183,2024-04,2364000,171000,INR
EMP0183,2025-04,2804000,485000,INR
EMP0183,2026-04,3287000,605000,INR
EMP0184,2026-04,1361000,140000,INR
EMP0185,2022-04,826000,15000,INR
EMP0185,2023-04,888000,140000,INR
EMP0185,2024-04,962000,83000,INR
EMP0185,2025-04,1042000,133000,INR
EMP0185,2026-04,1154000,182000,INR
EMP0186,2020-11,3520000,407000,INR
EMP0186,2021-04,3873000,210000,INR
EMP0186,2022-04,4182000,751000,INR
EMP0186,2023-04,4628000,557000,INR
EMP0187,2023-07,2253000,280000,INR
EMP0187,2024-04,2399000,250000,INR
EMP0188,2021-11,855000,2000,INR
EMP0188,2022-04,1004000,32000,INR
EMP0188,2023-04,1166000,34000,INR
EMP0188,2024-04,1330000,301000,INR
EMP0189,2024-07,1316000,166000,INR
EMP0189,2025-04,1416000,87000,INR
EMP0189,2026-04,1555000,244000,INR
EMP0190,2020-11,581000,30000,INR
EMP0190,2021-04,622000,52000,INR
EMP0190,2022-04,667000,74000,INR
EMP0190,2023-04,719000,101000,INR
EMP0191,2020-05,529000,9000,INR
EMP0191,2021-04,608000,125000,INR
EMP0191,2022-04,703000,102000,INR
EMP0191,2023-04,819000,47000,INR
EMP0191,2024-04,947000,28000,INR
EMP0191,2025-04,1092000,109000,INR
EMP0191,2026-04,1292000,11000,INR
EMP0192,2022-09,1594000,130000,INR
EMP0192,2023-04,1737000,21000,INR
EMP0192,2024-04,1865000,19000,INR
EMP0192,2025-04,2006000,138000,INR
EMP0192,2026-04,2179000,212000,INR
EMP0193,2022-03,1950000,355000,INR
EMP0193,2022-04,2234000,134000,INR
EMP0193,2023-04,2603000,84000,INR
EMP0193,2024-04,3040000,520000,INR
EMP0193,2025-04,3593000,657000,INR
EMP0193,2026-04,4180000,767000,INR
EMP0194,2022-02,2439000,323000,INR
EMP0194,2022-04,2618000,467000,INR
EMP0194,2023-04,2899000,232000,INR
EMP0194,2024-04,3166000,104000,INR
EMP0194,2025-04,3416000,5000,INR
EMP0194,2026-04,3733000,129000,INR
EMP0195,2022-02,720000,14000,INR
EMP0195,2022-04,785000,93000,INR
EMP0195,2023-04,870000,95000,INR
EMP0195,2024-04,933000,107000,INR
EMP0195,2025-04,1009000,177000,INR
EMP0196,2020-11,982000,78000,INR
EMP0196,2021-04,1061000,32000,INR
EMP0196,2022-04,1168000,91000,INR
EMP0196,2023-04,1284000,132000,INR
EMP0196,2024-04,1376000,75000,INR
EMP0196,2025-04,1513000,109000,INR
EMP0196,2026-04,1620000,291000,INR
EMP0197,2022-01,1258000,216000,INR
EMP0197,2022-04,1344000,177000,INR
EMP0198,2021-04,1570000,21000,INR
EMP0198,2022-04,1854000,193000,INR
EMP0198,2023-04,2131000,233000,INR
EMP0198,2024-04,2441000,146000,INR
EMP0198,2025-04,2857000,311000,INR
EMP0198,2026-04,3370000,299000,INR
EMP0199,2025-04,5692000,1388000,INR
EMP0199,2026-04,6688000,795000,INR
EMP0200,2022-09,658000,110000,INR
EMP0200,2023-04,726000,48000,INR
EMP0200,2024-04,804000,31000,INR
EMP0200,2025-04,864000,1000,INR
EMP0200,2026-04,945000,131000,INR
EMP0201,2020-04,3060000,169000,INR
EMP0201,2021-04,3318000,565000,INR
EMP0201,2022-04,3622000,491000,INR
EMP0201,2023-04,3885000,3000,INR
EMP0201,2024-04,4119000,425000,INR
EMP0201,2025-04,4522000,453000,INR
EMP0202,2022-09,1637000,117000,INR
EMP0202,2023-04,1767000,291000,INR
EMP0202,2024-04,1914000,91000,INR
EMP0202,2025-04,2099000,58000,INR
EMP0202,2026-04,2234000,346000,INR
EMP0203,2024-07,978000,110000,INR
EMP0203,2025-04,1071000,26000,INR
EMP0204,2019-08,647000,4000,INR
EMP0204,2020-04,755000,116000,INR
EMP0204,2021-04,891000,133000,INR
EMP0205,2025-05,1088000,70000,INR
EMP0205,2026-04,1175000,178000,INR
EMP0206,2024-08,1166000,142000,INR
EMP0206,2025-04,1282000,87000,INR
EMP0206,2026-04,1387000,47000,INR
EMP0207,2020-04,1444000,41000,INR
EMP0207,2021-04,1548000,95000,INR
EMP0207,2022-04,1684000,161000,INR
EMP0208,2023-07,1174000,174000,INR
EMP0208,2024-04,1354000,40000,INR
EMP0208,2025-04,1573000,156000,INR
EMP0208,2026-04,1812000,55000,INR
EMP0209,2019-05,857000,58000,INR
EMP0209,2020-04,945000,54000,INR
EMP0209,2021-04,1002000,68000,INR
EMP0209,2022-04,1074000,55000,INR
EMP0209,2023-04,1141000,123000,INR
EMP0209,2024-04,1265000,59000,INR
EMP0209,2025-04,1357000,89000,INR
EMP0210,2021-03,725000,89000,INR
EMP0210,2021-04,770000,58000,INR
EMP0210,2022-04,832000,84000,INR
EMP0210,2023-04,916000,163000,INR
EMP0210,2024-04,987000,114000,INR
EMP0210,2025-04,1051000,30000,INR
EMP0211,2019-08,910000,147000,INR
EMP0211,2020-04,983000,122000,INR
EMP0211,2021-04,1048000,61000,INR
EMP0211,2022-04,1153000,148000,INR
EMP0211,2023-04,1247000,217000,INR
EMP0211,2024-04,1380000,30000,INR
EMP0211,2025-04,1510000,119000,INR
EMP0211,2026-04,1607000,17000,INR
EMP0212,2023-08,1208000,98000,INR
EMP0212,2024-04,1298000,127000,INR
EMP0212,2025-04,1419000,42000,INR
EMP0213,2023-08,687000,83000,INR
EMP0213,2024-04,758000,114000,INR
EMP0213,2025-04,821000,46000,INR
EMP0214,2022-08,3154000,156000,INR
EMP0214,2023-04,3454000,356000,INR
EMP0214,2024-04,3738000,407000,INR
EMP0214,2025-04,4019000,604000,INR
EMP0214,2026-04,4392000,97000,INR
EMP0215,2024-12,2240000,253000,INR
EMP0215,2025-04,2442000,5000,INR
EMP0215,2026-04,2692000,482000,INR
EMP0216,2025-12,651000,40000,INR
EMP0216,2026-04,696000,5000,INR
EMP0217,2025-06,1018000,69000,INR
EMP0217,2026-04,1089000,92000,INR
EMP0218,2021-03,3550000,7000,INR
EMP0218,2021-04,3889000,628000,INR
EMP0218,2022-04,4313000,566000,INR
EMP0218,2023-04,4724000,492000,INR
EMP0218,2024-04,5064000,879000,INR
EMP0218,2025-04,5443000,103000,INR
EMP0218,2026-04,5978000,654000,INR
EMP0219,2020-12,542000,22000,INR
EMP0219,2021-04,593000,86000,INR
EMP0219,2022-04,656000,85000,INR
EMP0220,2024-12,1244000,183000,INR
EMP0220,2025-04,1362000,57000,INR
EMP0220,2026-04,1445000,214000,INR
EMP0221,2019-05,1113000,81000,INR
EMP0221,2020-04,1318000,139000,INR
EMP0221,2021-04,1568000,284000,INR
EMP0221,2022-04,1791000,177000,INR
EMP0221,2023-04,2085000,15000,INR
EMP0221,2024-04,2444000,206000,INR
EMP0221,2025-04,2902000,567000,INR
EMP0221,2026-04,3398000,719000,INR
EMP0222,2021-11,915000,79000,INR
EMP0222,2022-04,976000,135000,INR
EMP0222,2023-04,1076000,48000,INR
EMP0222,2024-04,1153000,11000,INR
EMP0222,2025-04,1260000,221000,INR
EMP0222,2026-04,1397000,230000,INR
EMP0223,2024-09,2189000,331000,INR
EMP0223,2025-04,2429000,260000,INR
EMP0223,2026-04,2622000,288000,INR
EMP0224,2019-04,1367000,6000,INR
EMP0224,2020-04,1477000,22000,INR
EMP0224,2021-04,1588000,120000,INR
EMP0224,2022-04,1745000,279000,INR
EMP0224,2023-04,1910000,82000,INR
EMP0224,2024-04,2111000,72000,INR
EMP0224,2025-04,2314000,225000,INR
EMP0224,2026-04,2550000,49000,INR
EMP0225,2025-10,1923000,447000,INR
EMP0225,2026-04,2207000,546000,INR
EMP0226,2019-10,741000,75000,INR
EMP0226,2020-04,811000,116000,INR
EMP0226,2021-04,877000,68000,INR
EMP0227,2019-07,3543000,206000,INR
EMP0227,2020-04,3903000,624000,INR
EMP0227,2021-04,4158000,678000,INR
EMP0228,2025-04,535000,32000,INR
EMP0228,2026-04,626000,145000,INR
EMP0229,2024-05,649000,77000,INR
EMP0229,2025-04,700000,81000,INR
EMP0229,2026-04,744000,54000,INR
EMP0230,2026-06,3458000,681000,INR
EMP0231,2022-01,1526000,77000,INR
EMP0231,2022-04,1625000,232000,INR
EMP0231,2023-04,1755000,26000,INR
EMP0231,2024-04,1873000,290000,INR
EMP0231,2025-04,2025000,103000,INR
EMP0232,2023-10,917000,55000,INR
EMP0232,2024-04,976000,103000,INR
EMP0232,2025-04,1067000,118000,INR
EMP0232,2026-04,1166000,118000,INR
EMP0233,2021-06,1757000,156000,INR
EMP0233,2022-04,2082000,191000,INR
EMP0233,2023-04,2380000,144000,INR
EMP0233,2024-04,2813000,178000,INR
EMP0234,2022-11,1868000,2000,INR
EMP0234,2023-04,2058000,137000,INR
EMP0234,2024-04,2210000,220000,INR
EMP0234,2025-04,2364000,378000,INR
EMP0234,2026-04,2574000,141000,INR
EMP0235,2020-05,1181000,91000,INR
EMP0235,2021-04,1307000,151000,INR
EMP0235,2022-04,1446000,218000,INR
EMP0235,2023-04,1540000,20000,INR
EMP0235,2024-04,1698000,224000,INR
EMP0236,2025-02,4498000,630000,INR
EMP0236,2025-04,5150000,683000,INR
EMP0236,2026-04,5937000,675000,INR
EMP0237,2025-05,1082000,134000,INR
EMP0237,2026-04,1177000,141000,INR
EMP0238,2019-08,2025000,82000,INR
EMP0238,2020-04,2179000,68000,INR
EMP0238,2021-04,2386000,161000,INR
EMP0238,2022-04,2537000,191000,INR
EMP0238,2023-04,2719000,247000,INR
EMP0238,2024-04,2961000,81000,INR
EMP0238,2025-04,3248000,501000,INR
EMP0238,2026-04,3559000,567000,INR
EMP0239,2024-04,5031000,98000,INR
EMP0239,2025-04,5520000,421000,INR
EMP0239,2026-04,6042000,786000,INR
EMP0240,2020-03,780000,60000,INR
EMP0240,2020-04,862000,56000,INR
EMP0240,2021-04,939000,68000,INR
EMP0240,2022-04,1007000,166000,INR
EMP0240,2023-04,1084000,138000,INR
EMP0241,2026-01,2169000,20000,INR
EMP0241,2026-04,2355000,151000,INR
EMP0242,2020-04,1376000,4000,INR
EMP0242,2021-04,1503000,261000,INR
EMP0242,2022-04,1599000,6000,INR
EMP0242,2023-04,1770000,104000,INR
EMP0242,2024-04,1960000,109000,INR
EMP0242,2025-04,2138000,347000,INR
EMP0242,2026-04,2278000,10000,INR
EMP0243,2026-04,1520000,139000,INR
EMP0244,2024-10,426000,52000,INR
EMP0244,2025-04,463000,55000,INR
EMP0245,2023-11,3003000,489000,INR
EMP0245,2024-04,3237000,110000,INR
EMP0245,2025-04,3472000,120000,INR
EMP0245,2026-04,3695000,284000,INR
EMP0246,2024-02,1254000,95000,INR
EMP0246,2024-04,1457000,141000,INR
EMP0246,2025-04,1674000,158000,INR
EMP0246,2026-04,1963000,119000,INR
EMP0247,2020-01,2037000,302000,INR
EMP0247,2020-04,2220000,266000,INR
EMP0247,2021-04,2454000,428000,INR
EMP0247,2022-04,2664000,173000,INR
EMP0247,2023-04,2953000,264000,INR
EMP0248,2019-07,2539000,391000,INR
EMP0248,2020-04,2735000,486000,INR
EMP0248,2021-04,3025000,302000,INR
EMP0248,2022-04,3322000,476000,INR
EMP0248,2023-04,3615000,351000,INR
EMP0248,2024-04,3974000,442000,INR
EMP0248,2025-04,4287000,174000,INR
EMP0248,2026-04,4630000,647000,INR
EMP0249,2020-06,3165000,628000,INR
EMP0249,2021-04,3624000,663000,INR
EMP0249,2022-04,4136000,697000,INR
EMP0249,2023-04,4766000,500000,INR
EMP0249,2024-04,5547000,1122000,INR
EMP0249,2025-04,6572000,146000,INR
EMP0249,2026-04,7548000,1700000,INR
EMP0250,2023-10,1237000,177000,INR
EMP0250,2024-04,1372000,107000,INR
EMP0250,2025-04,1471000,51000,INR
EMP0250,2026-04,1632000,236000,INR
EMP0251,2022-04,821000,140000,INR
EMP0251,2023-04,901000,112000,INR
EMP0251,2024-04,962000,38000,INR
EMP0252,2025-06,1296000,325000,INR
EMP0252,2026-04,1532000,301000,INR
EMP0253,2023-01,2858000,589000,INR
EMP0253,2023-04,3389000,750000,INR
EMP0253,2024-04,3988000,794000,INR
EMP0253,2025-04,4661000,222000,INR
EMP0253,2026-04,5519000,1041000,INR
EMP0254,2022-04,2387000,288000,INR
EMP0254,2023-04,2550000,268000,INR
EMP0255,2024-01,3613000,406000,INR
EMP0255,2024-04,3867000,366000,INR
EMP0255,2025-04,4216000,177000,INR
EMP0255,2026-04,4672000,664000,INR
EMP0256,2023-03,1167000,122000,INR
EMP0256,2023-04,1273000,190000,INR
EMP0256,2024-04,1353000,149000,INR
EMP0257,2024-03,1405000,151000,INR
EMP0257,2024-04,1511000,236000,INR
EMP0257,2025-04,1626000,167000,INR
EMP0257,2026-04,1780000,318000,INR
EMP0258,2023-12,2047000,132000,INR
EMP0258,2024-04,2211000,371000,INR
EMP0258,2025-04,2391000,428000,INR
EMP0259,2023-04,1438000,174000,INR
EMP0260,2026-03,1732000,220000,INR
EMP0260,2026-04,1917000,77000,INR
EMP0261,2026-03,2000000,69000,INR
EMP0261,2026-04,2171000,277000,INR
EMP0262,2025-09,7393000,1769000,INR
EMP0262,2026-04,8443000,1310000,INR
EMP0263,2021-12,1518000,233000,INR
EMP0263,2022-04,1669000,252000,INR
EMP0263,2023-04,1775000,213000,INR
EMP0263,2024-04,1956000,148000,INR
EMP0263,2025-04,2087000,66000,INR
EMP0263,2026-04,2221000,98000,INR
EMP0264,2019-11,6128000,514000,INR
EMP0264,2020-04,6634000,146000,INR
EMP0265,2024-03,3553000,297000,INR
EMP0265,2024-04,3829000,489000,INR
EMP0265,2025-04,4083000,179000,INR
EMP0265,2026-04,4367000,639000,INR
EMP0266,2025-01,2977000,381000,INR
EMP0266,2025-04,3183000,307000,INR
EMP0266,2026-04,3499000,390000,INR
EMP0267,2023-09,511000,25000,INR
EMP0267,2024-04,544000,86000,INR
EMP0267,2025-04,586000,31000,INR
EMP0267,2026-04,626000,61000,INR
EMP0268,2020-03,3268000,330000,INR
EMP0268,2020-04,3813000,480000,INR
EMP0268,2021-04,4446000,1102000,INR
EMP0268,2022-04,5228000,315000,INR
EMP0268,2023-04,6151000,1076000,INR
EMP0268,2024-04,7248000,1030000,INR
EMP0268,2025-04,8456000,1556000,INR
EMP0268,2026-04,9964000,1583000,INR
EMP0269,2022-05,1254000,177000,INR
EMP0269,2023-04,1362000,151000,INR
EMP0269,2024-04,1499000,217000,INR
EMP0269,2025-04,1622000,41000,INR
EMP0270,2022-06,1104000,170000,INR
EMP0270,2023-04,1274000,273000,INR
EMP0270,2024-04,1466000,212000,INR
EMP0270,2025-04,1693000,409000,INR
EMP0270,2026-04,1935000,13000,INR
EMP0271,2025-05,3135000,28000,INR
EMP0271,2026-04,3406000,550000,INR
EMP0272,2022-04,1020000,138000,INR
EMP0272,2023-04,1181000,49000,INR
EMP0272,2024-04,1384000,310000,INR
EMP0272,2025-04,1613000,157000,INR
EMP0273,2019-10,1213000,191000,INR
EMP0273,2020-04,1288000,121000,INR
EMP0273,2021-04,1427000,68000,INR
EMP0273,2022-04,1554000,96000,INR
EMP0273,2023-04,1652000,169000,INR
EMP0274,2025-07,2554000,173000,INR
EMP0274,2026-04,2710000,34000,INR
EMP0275,2024-01,3366000,457000,INR
EMP0275,2024-04,3932000,783000,INR
EMP0276,2024-05,2274000,35000,INR
EMP0277,2025-07,4136000,65000,INR
EMP0277,2026-04,4441000,731000,INR
EMP0278,2025-12,1686000,354000,INR
EMP0278,2026-04,1949000,428000,INR
EMP0279,2024-04,693000,89000,INR
EMP0279,2025-04,750000,25000,INR
EMP0280,2021-09,2196000,99000,INR
EMP0280,2022-04,2375000,385000,INR
EMP0280,2023-04,2591000,355000,INR
EMP0280,2024-04,2866000,73000,INR
EMP0280,2025-04,3173000,78000,INR
EMP0280,2026-04,3417000,377000,INR
EMP0281,2020-03,513000,2000,INR
EMP0281,2020-04,550000,72000,INR
EMP0281,2021-04,602000,6000,INR
EMP0281,2022-04,661000,65000,INR
EMP0281,2023-04,704000,125000,INR
EMP0282,2025-08,1131000,199000,INR
EMP0282,2026-04,1215000,36000,INR
EMP0283,2024-11,782000,58000,INR
EMP0283,2025-04,840000,43000,INR
EMP0283,2026-04,915000,99000,INR
EMP0284,2019-04,590000,103000,INR
EMP0284,2020-04,637000,21000,INR
EMP0284,2021-04,703000,104000,INR
EMP0284,2022-04,750000,78000,INR
EMP0284,2023-04,827000,80000,INR
EMP0284,2024-04,895000,90000,INR
EMP0284,2025-04,967000,160000,INR
EMP0285,2026-05,5813000,1366000,INR
EMP0286,2019-07,978000,66000,INR
EMP0286,2020-04,1077000,134000,INR
EMP0286,2021-04,1172000,32000,INR
EMP0286,2022-04,1257000,155000,INR
EMP0287,2020-03,792000,80000,INR
EMP0287,2020-04,843000,150000,INR
EMP0287,2021-04,914000,45000,INR
EMP0287,2022-04,970000,91000,INR
EMP0287,2023-04,1048000,181000,INR
EMP0288,2025-03,979000,109000,INR
EMP0288,2025-04,1043000,167000,INR
EMP0288,2026-04,1138000,73000,INR
EMP0289,2019-11,1042000,112000,INR
EMP0289,2020-04,1117000,58000,INR
EMP0289,2021-04,1211000,80000,INR
EMP0290,2021-12,700000,39000,INR
EMP0290,2022-04,753000,39000,INR
EMP0290,2023-04,822000,125000,INR
EMP0290,2024-04,896000,97000,INR
EMP0290,2025-04,982000,123000,INR
EMP0291,2023-08,2454000,255000,INR
EMP0291,2024-04,2681000,259000,INR
EMP0291,2025-04,2903000,5000,INR
EMP0292,2025-09,616000,9000,INR
EMP0292,2026-04,659000,114000,INR
EMP0293,2021-07,1970000,299000,INR
EMP0293,2022-04,2306000,149000,INR
EMP0293,2023-04,2634000,345000,INR
EMP0293,2024-04,3034000,673000,INR
EMP0293,2025-04,3505000,275000,INR
EMP0293,2026-04,4040000,26000,INR
EMP0294,2023-04,724000,43000,INR
EMP0294,2024-04,799000,11000,INR
EMP0294,2025-04,870000,135000,INR
EMP0294,2026-04,963000,60000,INR
EMP0295,2019-10,1309000,225000,INR
EMP0295,2020-04,1448000,257000,INR
EMP0295,2021-04,1596000,181000,INR
EMP0295,2022-04,1730000,8000,INR
EMP0295,2023-04,1854000,147000,INR
EMP0295,2024-04,2027000,107000,INR
EMP0295,2025-04,2165000,80000,INR
EMP0295,2026-04,2392000,269000,INR
EMP0296,2023-05,655000,87000,INR
EMP0296,2024-04,697000,62000,INR
EMP0296,2025-04,754000,111000,INR
EMP0296,2026-04,803000,53000,INR
EMP0297,2021-08,3642000,432000,INR
EMP0297,2022-04,4010000,581000,INR
EMP0297,2023-04,4381000,112000,INR
EMP0297,2024-04,4781000,766000,INR
EMP0297,2025-04,5117000,98000,INR
EMP0298,2020-12,1010000,108000,INR
EMP0298,2021-04,1073000,79000,INR
EMP0298,2022-04,1154000,151000,INR
EMP0298,2023-04,1249000,31000,INR
EMP0298,2024-04,1352000,7000,INR
EMP0298,2025-04,1483000,78000,INR
EMP0298,2026-04,1615000,28000,INR
EMP0299,2024-10,876000,82000,INR
EMP0299,2025-04,963000,107000,INR
EMP0299,2026-04,1038000,107000,INR
EMP0300,2025-11,1069000,47000,INR
EMP0300,2026-04,1258000,184000,INR
EMP0301,2020-09,884000,146000,INR
EMP0301,2021-04,938000,35000,INR
EMP0302,2021-08,2370000,58000,INR
EMP0302,2022-04,2793000,639000,INR
EMP0302,2023-04,3194000,718000,INR
EMP0302,2024-04,3762000,761000,INR
EMP0302,2025-04,4471000,1046000,INR
EMP0303,2022-01,1150000,135000,INR
EMP0303,2022-04,1231000,207000,INR
EMP0303,2023-04,1355000,187000,INR
EMP0303,2024-04,1493000,139000,INR
EMP0303,2025-04,1621000,192000,INR
EMP0304,2022-02,772000,2000,INR
EMP0304,2022-04,913000,213000,INR
EMP0304,2023-04,1041000,137000,INR
EMP0304,2024-04,1239000,159000,INR
EMP0304,2025-04,1463000,75000,INR
EMP0305,2025-09,1835000,68000,INR
EMP0305,2026-04,1984000,228000,INR
EMP0306,2019-09,545000,35000,INR
EMP0306,2020-04,603000,22000,INR
EMP0306,2021-04,645000,96000,INR
EMP0306,2022-04,702000,24000,INR
EMP0306,2023-04,758000,77000,INR
EMP0306,2024-04,835000,73000,INR
EMP0306,2025-04,885000,109000,INR
EMP0306,2026-04,980000,119000,INR
EMP0307,2025-09,810000,112000,INR
EMP0307,2026-04,890000,134000,INR
EMP0308,2026-02,545000,75000,INR
EMP0308,2026-04,589000,59000,INR
EMP0309,2025-07,3551000,522000,INR
EMP0309,2026-04,3895000,473000,INR
EMP0310,2025-03,599000,13000,INR
EMP0310,2025-04,689000,123000,INR
EMP0310,2026-04,805000,22000,INR
EMP0311,2019-11,1587000,216000,INR
EMP0311,2020-04,1717000,168000,INR
EMP0311,2021-04,1821000,41000,INR
EMP0311,2022-04,1973000,298000,INR
EMP0311,2023-04,2097000,116000,INR
EMP0311,2024-04,2308000,354000,INR
EMP0311,2025-04,2497000,216000,INR
EMP0311,2026-04,2766000,43000,INR
EMP0312,2025-03,616000,49000,INR
EMP0312,2025-04,667000,4000,INR
EMP0312,2026-04,738000,15000,INR
EMP0313,2020-01,683000,6000,INR
EMP0313,2020-04,727000,91000,INR
EMP0313,2021-04,794000,124000,INR
EMP0313,2022-04,870000,38000,INR
EMP0313,2023-04,935000,19000,INR
EMP0314,2024-04,5574000,667000,INR
EMP0314,2025-04,6136000,925000,INR
EMP0315,2020-11,1335000,115000,INR
EMP0315,2021-04,1479000,104000,INR
EMP0315,2022-04,1620000,245000,INR
EMP0315,2023-04,1798000,217000,INR
EMP0315,2024-04,1972000,105000,INR
EMP0315,2025-04,2144000,378000,INR
EMP0315,2026-04,2327000,138000,INR
EMP0316,2022-10,537000,25000,INR
EMP0316,2023-04,596000,102000,INR
EMP0316,2024-04,649000,46000,INR
EMP0317,2025-11,3364000,239000,INR
EMP0317,2026-04,3645000,344000,INR
EMP0318,2020-09,1941000,340000,INR
EMP0318,2021-04,2115000,55000,INR
EMP0318,2022-04,2258000,130000,INR
EMP0318,2023-04,2415000,163000,INR
EMP0318,2024-04,2600000,148000,INR
EMP0318,2025-04,2768000,279000,INR
EMP0318,2026-04,3069000,179000,INR
EMP0319,2019-01,456000,67000,INR
EMP0319,2019-04,489000,33000,INR
EMP0319,2020-04,537000,11000,INR
EMP0320,2021-05,2172000,20000,INR
EMP0320,2022-04,2545000,477000,INR
EMP0320,2023-04,2956000,441000,INR
EMP0320,2024-04,3473000,396000,INR
EMP0320,2025-04,4080000,895000,INR
EMP0320,2026-04,4795000,267000,INR
EMP0321,2020-04,964000,151000,INR
EMP0321,2021-04,1070000,84000,INR
EMP0321,2022-04,1174000,147000,INR
EMP0322,2025-12,1067000,138000,INR
EMP0322,2026-04,1172000,208000,INR
EMP0323,2023-11,889000,28000,INR
EMP0323,2024-04,957000,147000,INR
EMP0323,2025-04,1016000,89000,INR
EMP0323,2026-04,1126000,27000,INR
EMP0324,2025-09,756000,55000,INR
EMP0324,2026-04,832000,15000,INR
EMP0325,2023-05,839000,99000,INR
EMP0326,2020-03,475000,67000,INR
EMP0326,2020-04,527000,73000,INR
EMP0326,2021-04,580000,50000,INR
EMP0327,2024-04,2983000,228000,INR
EMP0327,2025-04,3283000,542000,INR
EMP0327,2026-04,3552000,415000,INR
EMP0328,2021-03,625000,72000,INR
EMP0328,2021-04,683000,57000,INR
EMP0328,2022-04,749000,3000,INR
EMP0329,2020-08,1288000,162000,INR
EMP0329,2021-04,1425000,157000,INR
EMP0329,2022-04,1535000,150000,INR
EMP0330,2023-01,449000,74000,INR
EMP0330,2023-04,481000,65000,INR
EMP0330,2024-04,513000,49000,INR
EMP0330,2025-04,548000,77000,INR
EMP0330,2026-04,603000,2000,INR
EMP0331,2024-08,574000,40000,INR
EMP0331,2025-04,617000,83000,INR
EMP0331,2026-04,679000,2000,INR
EMP0332,2024-07,2600000,15000,INR
EMP0332,2025-04,2832000,372000,INR
EMP0332,2026-04,3003000,256000,INR
EMP0333,2024-04,1397000,186000,INR
EMP0333,2025-04,1496000,114000,INR
EMP0333,2026-04,1620000,96000,INR
EMP0334,2025-04,2464000,405000,INR
EMP0334,2026-04,2927000,352000,INR
EMP0335,2026-03,1011000,5000,INR
EMP0335,2026-04,1075000,179000,INR
EMP0336,2020-02,581000,74000,INR
EMP0336,2020-04,626000,66000,INR
EMP0337,2022-09,726000,66000,INR
EMP0337,2023-04,798000,132000,INR
EMP0337,2024-04,879000,142000,INR
EMP0337,2025-04,940000,137000,INR
EMP0337,2026-04,1036000,138000,INR
EMP0338,2021-11,1335000,224000,INR
EMP0338,2022-04,1443000,258000,INR
EMP0338,2023-04,1558000,72000,INR
EMP0338,2024-04,1700000,257000,INR
EMP0338,2025-04,1830000,67000,INR
EMP0338,2026-04,1951000,156000,INR
EMP0339,2024-09,1404000,126000,INR
EMP0339,2025-04,1630000,64000,INR
EMP0339,2026-04,1934000,66000,INR
EMP0340,2021-08,5269000,214000,INR
EMP0340,2022-04,5849000,105000,INR
EMP0340,2023-04,6262000,355000,INR
EMP0340,2024-04,6936000,532000,INR
EMP0340,2025-04,7686000,107000,INR
EMP0340,2026-04,8153000,998000,INR
EMP0341,2022-12,973000,161000,INR
EMP0341,2023-04,1035000,128000,INR
EMP0341,2024-04,1109000,106000,INR
EMP0342,2019-04,492000,50000,INR
EMP0342,2020-04,528000,77000,INR
EMP0342,2021-04,586000,16000,INR
EMP0342,2022-04,622000,104000,INR
EMP0343,2024-05,1240000,95000,INR
EMP0343,2025-04,1327000,77000,INR
EMP0343,2026-04,1455000,219000,INR
EMP0344,2022-12,1655000,263000,INR
EMP0344,2023-04,1754000,40000,INR
EMP0344,2024-04,1922000,238000,INR
EMP0344,2025-04,2122000,20000,INR
EMP0344,2026-04,2353000,401000,INR
EMP0345,2024-01,1204000,115000,INR
EMP0345,2024-04,1279000,110000,INR
EMP0346,2021-08,3088000,112000,INR
EMP0346,2022-04,3408000,559000,INR
EMP0346,2023-04,3761000,467000,INR
EMP0346,2024-04,4016000,425000,INR
EMP0347,2020-05,814000,141000,INR
EMP0347,2021-04,902000,51000,INR
EMP0347,2022-04,960000,4000,INR
EMP0347,2023-04,1050000,110000,INR
EMP0347,2024-04,1134000,105000,INR
EMP0347,2025-04,1238000,173000,INR
EMP0347,2026-04,1328000,5000,INR
EMP0348,2024-01,901000,64000,INR
EMP0348,2024-04,988000,32000,INR
EMP0349,2019-04,687000,13000,INR
EMP0349,2020-04,746000,63000,INR
EMP0349,2021-04,817000,96000,INR
EMP0349,2022-04,900000,139000,INR
EMP0349,2023-04,996000,9000,INR
EMP0349,2024-04,1095000,182000,INR
EMP0349,2025-04,1172000,210000,INR
EMP0349,2026-04,1257000,123000,INR
EMP0350,2025-05,729000,100000,INR
EMP0350,2026-04,785000,124000,INR
EMP0351,2022-01,668000,43000,INR
EMP0351,2022-04,720000,3000,INR
EMP0351,2023-04,777000,40000,INR
EMP0351,2024-04,833000,95000,INR
EMP0351,2025-04,894000,1000,INR
EMP0352,2022-02,861000,127000,INR
EMP0352,2022-04,937000,120000,INR
EMP0352,2023-04,1025000,105000,INR
EMP0352,2024-04,1089000,101000,INR
EMP0352,2025-04,1202000,11000,INR
EMP0352,2026-04,1320000,50000,INR
EMP0353,2025-08,477000,64000,INR
EMP0353,2026-04,516000,58000,INR
EMP0354,2024-04,1369000,225000,INR
EMP0354,2025-04,1469000,202000,INR
EMP0355,2021-05,2514000,138000,INR
EMP0355,2022-04,2775000,491000,INR
EMP0355,2023-04,3064000,175000,INR
EMP0355,2024-04,3271000,104000,INR
EMP0356,2023-04,1973000,250000,INR
EMP0356,2024-04,2322000,366000,INR
EMP0356,2025-04,2760000,119000,INR
EMP0356,2026-04,3202000,57000,INR
EMP0357,2022-03,1897000,152000,INR
EMP0357,2022-04,2252000,471000,INR
EMP0357,2023-04,2675000,16000,INR
EMP0357,2024-04,3178000,281000,INR
EMP0357,2025-04,3649000,99000,INR
EMP0357,2026-04,4221000,934000,INR
EMP0358,2024-03,1334000,76000,INR
EMP0358,2024-04,1473000,10000,INR
EMP0358,2025-04,1604000,287000,INR
EMP0358,2026-04,1761000,85000,INR
EMP0359,2021-02,491000,1000,INR
EMP0359,2021-04,525000,89000,INR
EMP0359,2022-04,564000,77000,INR
EMP0359,2023-04,615000,24000,INR
EMP0359,2024-04,675000,12000,INR
EMP0359,2025-04,724000,78000,INR
EMP0359,2026-04,787000,85000,INR
EMP0360,2023-11,829000,6000,INR
EMP0360,2024-04,920000,49000,INR
EMP0361,2023-05,1456000,121000,INR
EMP0361,2024-04,1551000,7000,INR
EMP0361,2025-04,1709000,136000,INR
EMP0361,2026-04,1883000,74000,INR
EMP0362,2022-11,1870000,73000,INR
EMP0362,2023-04,1993000,71000,INR
EMP0362,2024-04,2134000,191000,INR
EMP0362,2025-04,2278000,405000,INR
EMP0362,2026-04,2415000,260000,INR
EMP0363,2023-05,930000,160000,INR
EMP0363,2024-04,1010000,61000,INR
EMP0363,2025-04,1121000,109000,INR
EMP0363,2026-04,1199000,144000,INR
EMP0364,2024-08,3072000,386000,INR
EMP0364,2025-04,3374000,118000,INR
EMP0365,2020-07,5529000,682000,INR
EMP0365,2021-04,5908000,749000,INR
EMP0365,2022-04,6410000,267000,INR
EMP0365,2023-04,6805000,56000,INR
EMP0365,2024-04,7472000,451000,INR
EMP0365,2025-04,8208000,35000,INR
EMP0365,2026-04,8964000,934000,INR
EMP0366,2020-09,1279000,213000,INR
EMP0366,2021-04,1373000,9000,INR
EMP0367,2023-03,550000,56000,INR
EMP0367,2023-04,583000,44000,INR
EMP0367,2024-04,619000,95000,INR
EMP0367,2025-04,671000,3000,INR
EMP0368,2026-06,780000,60000,INR
EMP0369,2019-02,2477000,193000,INR
EMP0369,2019-04,2680000,349000,INR
EMP0369,2020-04,2942000,82000,INR
EMP0369,2021-04,3163000,327000,INR
EMP0370,2022-11,751000,59000,INR
EMP0370,2023-04,829000,29000,INR
EMP0370,2024-04,884000,79000,INR
EMP0370,2025-04,940000,97000,INR
EMP0371,2019-01,556000,80000,INR
EMP0371,2019-04,591000,46000,INR
EMP0371,2020-04,639000,59000,INR
EMP0371,2021-04,700000,25000,INR
EMP0371,2022-04,744000,88000,INR
EMP0371,2023-04,810000,37000,INR
EMP0371,2024-04,891000,85000,INR
EMP0371,2025-04,958000,105000,INR
EMP0371,2026-04,1060000,87000,INR
EMP0372,2024-05,812000,63000,INR
EMP0372,2025-04,862000,11000,INR
EMP0372,2026-04,927000,31000,INR
EMP0373,2020-01,2459000,250000,INR
EMP0373,2020-04,2655000,445000,INR
EMP0373,2021-04,2816000,347000,INR
EMP0373,2022-04,3032000,266000,INR
EMP0374,2025-07,1244000,70000,INR
EMP0374,2026-04,1322000,143000,INR
EMP0375,2021-03,1996000,168000,INR
EMP0375,2021-04,2183000,6000,INR
EMP0376,2023-05,785000,7000,INR
EMP0376,2024-04,862000,77000,INR
EMP0377,2021-12,1375000,152000,INR
EMP0377,2022-04,1472000,212000,INR
EMP0377,2023-04,1620000,139000,INR
EMP0377,2024-04,1797000,35000,INR
EMP0377,2025-04,1986000,283000,INR
EMP0377,2026-04,2114000,338000,INR
EMP0378,2019-07,487000,55000,INR
EMP0378,2020-04,537000,13000,INR
EMP0379,2024-02,451000,6000,INR
EMP0379,2024-04,493000,82000,INR
EMP0379,2025-04,527000,31000,INR
EMP0379,2026-04,568000,0,INR
EMP0380,2021-06,884000,36000,INR
EMP0380,2022-04,1016000,25000,INR
EMP0380,2023-04,1200000,152000,INR
EMP0380,2024-04,1427000,89000,INR
EMP0381,2019-02,1368000,163000,INR
EMP0381,2019-04,1612000,322000,INR
EMP0381,2020-04,1909000,272000,INR
EMP0381,2021-04,2261000,240000,INR
EMP0381,2022-04,2657000,302000,INR
EMP0381,2023-04,3147000,468000,INR
EMP0381,2024-04,3631000,144000,INR
EMP0381,2025-04,4163000,281000,INR
EMP0381,2026-04,4821000,991000,INR
EMP0382,2023-03,2102000,458000,INR
EMP0382,2023-04,2414000,496000,INR
EMP0383,2024-12,7196000,338000,INR
EMP0383,2025-04,7938000,1274000,INR
EMP0383,2026-04,8663000,1504000,INR
EMP0384,2019-01,888000,158000,INR
EMP0384,2019-04,975000,66000,INR
EMP0384,2020-04,1041000,44000,INR
EMP0384,2021-04,1128000,18000,INR
EMP0384,2022-04,1222000,168000,INR
EMP0385,2021-08,1537000,10000,INR
EMP0385,2022-04,1687000,55000,INR
EMP0386,2021-05,784000,15000,INR
EMP0386,2022-04,926000,2000,INR
EMP0386,2023-04,1080000,178000,INR
EMP0386,2024-04,1257000,256000,INR
EMP0386,2025-04,1490000,44000,INR
EMP0386,2026-04,1742000,221000,INR
EMP0387,2023-12,4664000,315000,INR
EMP0387,2024-04,5005000,65000,INR
EMP0387,2025-04,5405000,764000,INR
EMP0387,2026-04,5835000,260000,INR
EMP0388,2020-04,3240000,530000,INR
EMP0388,2021-04,3562000,338000,INR
EMP0388,2022-04,3865000,291000,INR
EMP0388,2023-04,4245000,143000,INR
EMP0388,2024-04,4624000,379000,INR
EMP0388,2025-04,4922000,398000,INR
EMP0388,2026-04,5417000,817000,INR
EMP0389,2025-04,2786000,197000,INR
EMP0389,2026-04,3019000,106000,INR
EMP0390,2023-11,5450000,930000,INR
EMP0390,2024-04,6009000,316000,INR
EMP0390,2025-04,6617000,1026000,INR
EMP0390,2026-04,7137000,535000,INR
EMP0391,2022-03,1293000,93000,INR
EMP0391,2022-04,1431000,73000,INR
EMP0391,2023-04,1540000,219000,INR
EMP0391,2024-04,1708000,208000,INR
EMP0391,2025-04,1811000,36000,INR
EMP0392,2020-06,3584000,238000,INR
EMP0392,2021-04,3875000,615000,INR
EMP0392,2022-04,4147000,357000,INR
EMP0392,2023-04,4589000,251000,INR
EMP0392,2024-04,4965000,167000,INR
EMP0392,2025-04,5363000,746000,INR
EMP0392,2026-04,5742000,803000,INR
EMP0393,2019-10,735000,59000,INR
EMP0393,2020-04,808000,51000,INR
EMP0394,2024-09,639000,65000,INR
EMP0394,2025-04,679000,52000,INR
EMP0394,2026-04,729000,4000,INR
EMP0395,2022-06,579000,12000,INR
EMP0395,2023-04,626000,61000,INR
EMP0395,2024-04,673000,2000,INR
EMP0395,2025-04,745000,68000,INR
EMP0395,2026-04,819000,42000,INR
EMP0396,2022-12,1580000,368000,INR
EMP0396,2023-04,1866000,96000,INR
EMP0396,2024-04,2167000,139000,INR
EMP0396,2025-04,2509000,112000,INR
EMP0396,2026-04,2876000,143000,INR
EMP0397,2019-12,1573000,235000,INR
EMP0397,2020-04,1677000,171000,INR
EMP0397,2021-04,1779000,310000,INR
EMP0397,2022-04,1912000,290000,INR
EMP0397,2023-04,2083000,278000,INR
EMP0397,2024-04,2267000,3000,INR
EMP0397,2025-04,2502000,370000,INR
EMP0397,2026-04,2664000,148000,INR
EMP0398,2023-05,933000,107000,INR
EMP0398,2024-04,1018000,176000,INR
EMP0398,2025-04,1099000,127000,INR
EMP0398,2026-04,1206000,29000,INR
EMP0399,2022-05,1998000,236000,INR
EMP0399,2023-04,2129000,37000,INR
EMP0399,2024-04,2350000,351000,INR
EMP0400,2021-09,2836000,236000,INR
EMP0400,2022-04,3270000,13000,INR
EMP0400,2023-04,3885000,286000,INR
EMP0400,2024-04,4582000,1146000,INR
EMP0400,2025-04,5415000,664000,INR
EMP0400,2026-04,6184000,100000,INR
EMP0401,2021-06,2296000,129000,INR
EMP0401,2022-04,2694000,579000,INR
EMP0401,2023-04,3173000,657000,INR
EMP0401,2024-04,3707000,378000,INR
EMP0401,2025-04,4241000,220000,INR
EMP0401,2026-04,4889000,108000,INR
EMP0402,2020-08,807000,21000,INR
EMP0402,2021-04,875000,53000,INR
EMP0402,2022-04,965000,161000,INR
EMP0402,2023-04,1038000,51000,INR
EMP0402,2024-04,1116000,63000,INR
EMP0402,2025-04,1203000,68000,INR
EMP0402,2026-04,1306000,198000,INR
EMP0403,2024-05,2677000,236000,INR
EMP0403,2025-04,2849000,238000,INR
EMP0403,2026-04,3084000,214000,INR
EMP0404,2022-02,911000,32000,INR
EMP0404,2022-04,1006000,64000,INR
EMP0404,2023-04,1115000,101000,INR
EMP0404,2024-04,1229000,109000,INR
EMP0404,2025-04,1324000,123000,INR
EMP0404,2026-04,1452000,252000,INR
EMP0405,2022-03,2232000,248000,INR
EMP0405,2022-04,2432000,421000,INR
EMP0405,2023-04,2630000,60000,INR
EMP0405,2024-04,2816000,90000,INR
EMP0405,2025-04,2986000,151000,INR
EMP0405,2026-04,3292000,61000,INR
EMP0406,2024-03,719000,31000,INR
EMP0406,2024-04,776000,44000,INR
EMP0407,2022-07,3153000,326000,INR
EMP0407,2023-04,3364000,531000,INR
EMP0407,2024-04,3621000,423000,INR
EMP0407,2025-04,3881000,390000,INR
EMP0407,2026-04,4176000,94000,INR
EMP0408,2024-11,3088000,438000,INR
EMP0408,2025-04,3428000,392000,INR
EMP0408,2026-04,3777000,143000,INR
EMP0409,2023-08,1637000,178000,INR
EMP0409,2024-04,1796000,190000,INR
EMP0410,2021-11,2241000,88000,INR
EMP0410,2022-04,2457000,119000,INR
EMP0411,2022-07,1054000,136000,INR
EMP0411,2023-04,1167000,142000,INR
EMP0411,2024-04,1245000,222000,INR
EMP0411,2025-04,1378000,118000,INR
EMP0411,2026-04,1518000,268000,INR
EMP0412,2024-12,1196000,92000,INR
EMP0412,2025-04,1367000,126000,INR
EMP0412,2026-04,1601000,282000,INR
EMP0413,2022-06,4809000,394000,INR
EMP0413,2023-04,5122000,558000,INR
EMP0414,2020-04,4744000,199000,INR
EMP0414,2021-04,5192000,835000,INR
EMP0415,2023-05,2561000,455000,INR
EMP0415,2024-04,2750000,37000,INR
EMP0415,2025-04,2988000,15000,INR
EMP0415,2026-04,3218000,271000,INR
EMP0416,2023-04,2625000,380000,INR
EMP0416,2024-04,3043000,629000,INR
EMP0416,2025-04,3606000,611000,INR
EMP0416,2026-04,4165000,652000,INR
EMP0417,2022-09,7846000,1236000,INR
EMP0417,2023-04,8538000,22000,INR
EMP0417,2024-04,9285000,114000,INR
EMP0417,2025-04,9994000,1796000,INR
EMP0417,2026-04,10945000,7000,INR
EMP0418,2025-01,657000,70000,INR
EMP0418,2025-04,762000,186000,INR
EMP0418,2026-04,876000,30000,INR
EMP0419,2020-11,2134000,483000,INR
EMP0419,2021-04,2518000,439000,INR
EMP0419,2022-04,2899000,592000,INR
EMP0419,2023-04,3341000,455000,INR
EMP0419,2024-04,3968000,686000,INR
EMP0419,2025-04,4620000,1150000,INR
EMP0419,2026-04,5312000,238000,INR
EMP0420,2019-10,1224000,217000,INR
EMP0420,2020-04,1316000,219000,INR
EMP0420,2021-04,1431000,247000,INR
EMP0420,2022-04,1568000,15000,INR
EMP0420,2023-04,1686000,202000,INR
