employee_id,review_cycle,rating,potential_flag,reviewer_id
EMP0002,FY25-H1,2,Standard,EMP0132
EMP0003,FY25-H1,3,Standard,EMP0221
EMP0003,FY25-H2,3,Standard,EMP0221
EMP0004,FY26-H1,2,Standard,EMP0274
EMP0006,FY25-H1,3,Standard,EMP0005
EMP0006,FY25-H2,2,Standard,EMP0005
EMP0006,FY26-H1,3,Standard,EMP0005
EMP0007,FY25-H1,2,Standard,EMP0336
EMP0007,FY25-H2,2,Standard,EMP0336
EMP0007,FY26-H1,3,Standard,EMP0336
EMP0010,FY25-H1,2,Standard,EMP0081
EMP0010,FY25-H2,3,Standard,EMP0081
EMP0010,FY26-H1,3,Standard,EMP0081
EMP0011,FY25-H1,2,Standard,EMP0032
EMP0011,FY25-H2,1,Standard,EMP0032
EMP0011,FY26-H1,2,Standard,EMP0032
EMP0013,FY25-H1,3,Standard,EMP0011
EMP0013,FY25-H2,3,Standard,EMP0011
EMP0013,FY26-H1,3,Standard,EMP0011
EMP0014,FY25-H1,4,High,EMP0351
EMP0014,FY25-H2,3,Standard,EMP0351
EMP0014,FY26-H1,3,Standard,EMP0351
EMP0015,FY25-H1,3,Standard,
EMP0015,FY25-H2,4,Standard,
EMP0015,FY26-H1,3,Standard,
EMP0018,FY25-H2,1,Standard,EMP0275
EMP0019,FY25-H1,4,High,EMP0006
EMP0019,FY25-H2,5,Standard,EMP0006
EMP0019,FY26-H1,4,High,EMP0006
EMP0020,FY25-H1,4,High,EMP0254
EMP0020,FY25-H2,4,Standard,EMP0254
EMP0021,FY26-H1,2,Standard,EMP0269
EMP0023,FY25-H1,2,Standard,EMP0401
EMP0023,FY25-H2,2,Standard,EMP0401
EMP0023,FY26-H1,2,Standard,EMP0401
EMP0024,FY25-H1,3,Standard,EMP0159
EMP0024,FY25-H2,3,Standard,EMP0159
EMP0024,FY26-H1,3,Standard,EMP0159
EMP0025,FY25-H1,1,Standard,EMP0400
EMP0025,FY25-H2,1,Standard,EMP0400
EMP0025,FY26-H1,2,Standard,EMP0400
EMP0026,FY25-H1,3,Standard,EMP0072
EMP0026,FY25-H2,3,Standard,EMP0072
EMP0026,FY26-H1,3,Standard,EMP0072
EMP0027,FY26-H1,2,Standard,EMP0093
EMP0028,FY25-H2,5,High,EMP0050
EMP0028,FY26-H1,5,Standard,EMP0050
EMP0029,FY25-H1,4,High,EMP0239
EMP0029,FY25-H2,4,Standard,EMP0239
EMP0029,FY26-H1,4,Standard,EMP0239
EMP0030,FY25-H1,3,Standard,EMP0095
EMP0031,FY25-H1,2,Standard,
EMP0031,FY25-H2,3,Standard,
EMP0031,FY26-H1,3,Standard,
EMP0032,FY25-H1,1,Standard,EMP0420
EMP0032,FY25-H2,2,Standard,EMP0420
EMP0035,FY25-H1,3,Standard,EMP0373
EMP0035,FY25-H2,3,Standard,EMP0373
EMP0035,FY26-H1,2,Standard,EMP0373
EMP0037,FY26-H1,4,High,EMP0387
EMP0038,FY25-H2,3,Standard,EMP0058
EMP0038,FY26-H1,2,Standard,EMP0058
EMP0043,FY25-H1,2,Standard,EMP0356
EMP0043,FY25-H2,3,Standard,EMP0356
EMP0043,FY26-H1,3,Standard,EMP0356
EMP0044,FY25-H2,5,Standard,EMP0325
EMP0044,FY26-H1,4,Standard,EMP0325
EMP0045,FY25-H1,2,Standard,EMP0417
EMP0045,FY25-H2,3,Standard,EMP0417
EMP0045,FY26-H1,3,Standard,EMP0417
EMP0046,FY25-H1,3,Standard,EMP0006
EMP0046,FY25-H2,2,Standard,EMP0006
EMP0046,FY26-H1,3,Standard,EMP0006
EMP0047,FY25-H1,4,Standard,EMP0077
EMP0047,FY25-H2,4,Standard,EMP0077
EMP0047,FY26-H1,5,High,EMP0077
EMP0048,FY25-H1,5,High,EMP0165
EMP0048,FY25-H2,4,Standard,EMP0165
EMP0048,FY26-H1,5,High,EMP0165
EMP0050,FY25-H1,4,High,EMP0340
EMP0050,FY25-H2,3,Standard,EMP0340
EMP0050,FY26-H1,4,Standard,EMP0340
EMP0052,FY25-H1,5,Standard,EMP0196
EMP0052,FY25-H2,5,Standard,EMP0196
EMP0052,FY26-H1,4,High,EMP0196
EMP0055,FY25-H1,1,Standard,EMP0006
EMP0055,FY25-H2,1,Standard,EMP0006
EMP0055,FY26-H1,1,Standard,EMP0006
EMP0056,FY25-H1,2,Standard,EMP0079
EMP0056,FY25-H2,3,Standard,EMP0079
EMP0056,FY26-H1,2,Standard,EMP0079
EMP0057,FY25-H1,1,Standard,EMP0329
EMP0057,FY25-H2,2,Standard,EMP0329
EMP0057,FY26-H1,1,Standard,EMP0329
EMP0062,FY25-H1,3,Standard,EMP0017
EMP0062,FY25-H2,3,Standard,EMP0017
EMP0062,FY26-H1,4,Standard,EMP0017
EMP0063,FY25-H1,4,Standard,
EMP0063,FY25-H2,4,High,
EMP0063,FY26-H1,3,Standard,
EMP0064,FY25-H1,1,Standard,EMP0127
EMP0064,FY25-H2,3,Standard,EMP0127
EMP0064,FY26-H1,2,Standard,EMP0127
EMP0065,FY25-H1,4,Standard,
EMP0065,FY25-H2,3,Standard,
EMP0065,FY26-H1,4,Standard,
EMP0066,FY25-H1,2,Standard,
EMP0066,FY25-H2,3,Standard,
EMP0066,FY26-H1,3,Standard,
EMP0070,FY26-H1,3,Standard,EMP0081
EMP0071,FY25-H1,5,High,EMP0273
EMP0071,FY25-H2,5,Standard,EMP0273
EMP0071,FY26-H1,4,High,EMP0273
EMP0073,FY26-H1,5,High,EMP0417
EMP0074,FY25-H1,5,High,EMP0005
EMP0074,FY25-H2,4,High,EMP0005
EMP0076,FY25-H1,3,Standard,EMP0061
EMP0076,FY25-H2,3,Standard,EMP0061
EMP0076,FY26-H1,3,Standard,EMP0061
EMP0077,FY25-H1,3,Standard,EMP0414
EMP0077,FY25-H2,3,Standard,EMP0414
EMP0077,FY26-H1,3,Standard,EMP0414
EMP0079,FY25-H1,3,Standard,EMP0068
EMP0080,FY25-H2,2,Standard,EMP0212
EMP0080,FY26-H1,2,Standard,EMP0212
EMP0081,FY25-H1,2,Standard,EMP0069
EMP0082,FY25-H1,4,Standard,EMP0207
EMP0083,FY25-H1,2,Standard,EMP0015
EMP0083,FY25-H2,4,Standard,EMP0015
EMP0083,FY26-H1,2,Standard,EMP0015
EMP0084,FY25-H1,3,Standard,EMP0015
EMP0084,FY25-H2,2,Standard,EMP0015
EMP0084,FY26-H1,4,High,EMP0015
EMP0085,FY25-H1,3,Standard,EMP0346
EMP0086,FY25-H1,1,Standard,EMP0095
EMP0087,FY25-H1,3,Standard,EMP0207
EMP0087,FY25-H2,3,Standard,EMP0207
EMP0087,FY26-H1,4,High,EMP0207
EMP0088,FY26-H1,3,Standard,EMP0411
EMP0089,FY25-H1,5,Standard,EMP0053
EMP0089,FY25-H2,4,Standard,EMP0053
EMP0089,FY26-H1,5,Standard,EMP0053
EMP0092,FY25-H2,5,High,EMP0047
EMP0092,FY26-H1,4,Standard,EMP0047
EMP0093,FY25-H1,3,Standard,EMP0340
EMP0093,FY25-H2,3,Standard,EMP0340
EMP0094,FY25-H1,5,Standard,EMP0366
EMP0094,FY25-H2,4,Standard,EMP0366
EMP0094,FY26-H1,2,Standard,EMP0366
EMP0097,FY25-H1,5,High,EMP0017
EMP0097,FY25-H2,5,Standard,EMP0017
EMP0097,FY26-H1,4,High,EMP0017
EMP0098,FY25-H2,3,Standard,EMP0144
EMP0098,FY26-H1,4,High,EMP0144
EMP0099,FY25-H1,3,Standard,EMP0032
EMP0099,FY25-H2,2,Standard,EMP0032
EMP0099,FY26-H1,2,Standard,EMP0032
EMP0100,FY25-H1,2,Standard,EMP0006
EMP0100,FY25-H2,3,Standard,EMP0006
EMP0100,FY26-H1,3,Standard,EMP0006
EMP0101,FY26-H1,3,Standard,EMP0247
EMP0102,FY25-H1,3,Standard,EMP0150
EMP0102,FY25-H2,4,High,EMP0150
EMP0102,FY26-H1,3,Standard,EMP0150
EMP0104,FY25-H1,3,Standard,EMP0068
EMP0104,FY25-H2,4,Standard,EMP0068
EMP0104,FY26-H1,3,Standard,EMP0068
EMP0105,FY25-H1,3,Standard,EMP0357
EMP0105,FY25-H2,4,Standard,EMP0357
EMP0105,FY26-H1,3,Standard,EMP0357
EMP0106,FY25-H1,3,Standard,EMP0030
EMP0106,FY25-H2,3,Standard,EMP0030
EMP0106,FY26-H1,3,Standard,EMP0030
EMP0107,FY25-H1,3,Standard,EMP0231
EMP0107,FY25-H2,3,Standard,EMP0231
EMP0107,FY26-H1,4,Standard,EMP0231
EMP0108,FY26-H1,1,Standard,EMP0265
EMP0109,FY25-H1,3,Standard,EMP0083
EMP0109,FY25-H2,3,Standard,EMP0083
EMP0111,FY25-H2,3,Standard,EMP0378
EMP0111,FY26-H1,4,High,EMP0378
EMP0112,FY25-H1,5,Standard,EMP0030
EMP0112,FY25-H2,5,Standard,EMP0030
EMP0112,FY26-H1,5,High,EMP0030
EMP0115,FY25-H1,3,Standard,EMP0143
EMP0115,FY25-H2,3,Standard,EMP0143
EMP0115,FY26-H1,4,High,EMP0143
EMP0116,FY25-H1,4,High,EMP0067
EMP0116,FY25-H2,3,Standard,EMP0067
EMP0117,FY25-H1,3,Standard,EMP0069
EMP0117,FY25-H2,3,Standard,EMP0069
EMP0117,FY26-H1,3,Standard,EMP0069
EMP0118,FY25-H1,4,High,EMP0132
EMP0118,FY25-H2,4,High,EMP0132
EMP0118,FY26-H1,4,Standard,EMP0132
EMP0119,FY25-H1,4,High,EMP0034
EMP0120,FY25-H1,4,High,EMP0168
EMP0120,FY25-H2,5,Standard,EMP0168
EMP0120,FY26-H1,5,Standard,EMP0168
EMP0121,FY25-H1,4,High,EMP0293
EMP0121,FY25-H2,3,Standard,EMP0293
EMP0121,FY26-H1,5,Standard,EMP0293
EMP0122,FY25-H1,4,High,EMP0175
EMP0122,FY25-H2,3,Standard,EMP0175
EMP0122,FY26-H1,3,Standard,EMP0175
EMP0123,FY25-H1,4,High,EMP0375
EMP0123,FY25-H2,3,Standard,EMP0375
EMP0123,FY26-H1,3,Standard,EMP0375
EMP0124,FY25-H1,3,Standard,EMP0214
EMP0124,FY25-H2,3,Standard,EMP0214
EMP0124,FY26-H1,3,Standard,EMP0214
EMP0126,FY25-H1,2,Standard,EMP0095
EMP0126,FY25-H2,3,Standard,EMP0095
EMP0126,FY26-H1,2,Standard,EMP0095
EMP0127,FY25-H1,3,Standard,EMP0340
EMP0127,FY25-H2,3,Standard,EMP0340
EMP0130,FY25-H1,4,Standard,EMP0388
EMP0130,FY25-H2,4,Standard,EMP0388
EMP0130,FY26-H1,4,Standard,EMP0388
EMP0131,FY25-H2,1,Standard,EMP0145
EMP0131,FY26-H1,1,Standard,EMP0145
EMP0132,FY25-H1,3,Standard,EMP0117
EMP0132,FY25-H2,3,Standard,EMP0117
EMP0132,FY26-H1,3,Standard,EMP0117
EMP0133,FY25-H1,3,Standard,EMP0017
EMP0133,FY25-H2,3,Standard,EMP0017
EMP0133,FY26-H1,2,Standard,EMP0017
EMP0134,FY25-H1,3,Standard,EMP0006
EMP0134,FY25-H2,1,Standard,EMP0006
EMP0134,FY26-H1,3,Standard,EMP0006
EMP0135,FY25-H1,3,Standard,EMP0253
EMP0135,FY25-H2,3,Standard,EMP0253
EMP0136,FY26-H1,2,Standard,EMP0227
EMP0137,FY25-H1,3,Standard,EMP0295
EMP0137,FY25-H2,3,Standard,EMP0295
EMP0137,FY26-H1,2,Standard,EMP0295
EMP0138,FY25-H1,5,Standard,EMP0222
EMP0138,FY25-H2,3,Standard,EMP0222
EMP0138,FY26-H1,3,Standard,EMP0222
EMP0139,FY25-H1,2,Standard,EMP0112
EMP0139,FY25-H2,3,Standard,EMP0112
EMP0139,FY26-H1,2,Standard,EMP0112
EMP0140,FY25-H2,1,Standard,EMP0150
EMP0140,FY26-H1,1,Standard,EMP0150
EMP0141,FY25-H1,2,Standard,EMP0061
EMP0141,FY25-H2,2,Standard,EMP0061
EMP0141,FY26-H1,1,Standard,EMP0061
EMP0142,FY25-H1,4,Standard,
EMP0142,FY25-H2,3,Standard,
EMP0142,FY26-H1,4,Standard,
EMP0146,FY25-H2,4,Standard,EMP0383
EMP0146,FY26-H1,4,Standard,EMP0383
EMP0148,FY25-H1,2,Standard,
EMP0148,FY25-H2,3,Standard,
EMP0148,FY26-H1,2,Standard,
EMP0150,FY25-H1,2,Standard,EMP0263
EMP0150,FY25-H2,2,Standard,EMP0263
EMP0150,FY26-H1,3,Standard,EMP0263
EMP0151,FY25-H1,4,High,EMP0142
EMP0152,FY25-H1,1,Standard,EMP0117
EMP0152,FY25-H2,2,Standard,EMP0117
EMP0152,FY26-H1,2,Standard,EMP0117
EMP0153,FY25-H1,3,Standard,EMP0053
EMP0153,FY25-H2,3,Standard,EMP0053
EMP0153,FY26-H1,3,Standard,EMP0053
EMP0154,FY25-H1,3,Standard,EMP0400
EMP0154,FY25-H2,4,Standard,EMP0400
EMP0154,FY26-H1,5,Standard,EMP0400
EMP0155,FY25-H1,2,Standard,EMP0265
EMP0155,FY25-H2,3,Standard,EMP0265
EMP0155,FY26-H1,2,Standard,EMP0265
EMP0156,FY25-H1,2,Standard,EMP0373
EMP0158,FY25-H1,1,Standard,EMP0388
EMP0158,FY25-H2,1,Standard,EMP0388
EMP0158,FY26-H1,2,Standard,EMP0388
EMP0159,FY25-H1,3,Standard,EMP0109
EMP0159,FY25-H2,5,Standard,EMP0109
EMP0159,FY26-H1,3,Standard,EMP0109
EMP0162,FY25-H1,3,Standard,EMP0008
EMP0162,FY25-H2,4,Standard,EMP0008
EMP0162,FY26-H1,3,Standard,EMP0008
EMP0165,FY25-H1,4,High,EMP0201
EMP0165,FY25-H2,5,Standard,EMP0201
EMP0166,FY25-H1,5,Standard,EMP0054
EMP0166,FY25-H2,5,Standard,EMP0054
EMP0166,FY26-H1,5,High,EMP0054
EMP0167,FY25-H1,3,Standard,EMP0381
EMP0167,FY25-H2,4,Standard,EMP0381
EMP0167,FY26-H1,4,Standard,EMP0381
EMP0170,FY25-H1,1,Standard,EMP0365
EMP0170,FY25-H2,4,High,EMP0365
EMP0171,FY25-H2,2,Standard,EMP0158
EMP0171,FY26-H1,1,Standard,EMP0158
EMP0174,FY25-H1,3,Standard,EMP0061
EMP0174,FY25-H2,3,Standard,EMP0061
EMP0174,FY26-H1,3,Standard,EMP0061
EMP0175,FY25-H1,4,Standard,EMP0311
EMP0175,FY25-H2,4,Standard,EMP0311
EMP0175,FY26-H1,5,High,EMP0311
EMP0176,FY25-H1,4,Standard,EMP0139
EMP0176,FY25-H2,3,Standard,EMP0139
EMP0176,FY26-H1,4,Standard,EMP0139
EMP0177,FY25-H1,2,Standard,EMP0357
EMP0177,FY25-H2,3,Standard,EMP0357
EMP0177,FY26-H1,3,Standard,EMP0357
EMP0178,FY26-H1,2,Standard,EMP0238
EMP0179,FY25-H1,3,Standard,EMP0083
EMP0179,FY25-H2,3,Standard,EMP0083
EMP0179,FY26-H1,3,Standard,EMP0083
EMP0181,FY25-H1,3,Standard,EMP0053
EMP0181,FY25-H2,2,Standard,EMP0053
EMP0181,FY26-H1,1,Standard,EMP0053
EMP0182,FY25-H1,3,Standard,EMP0249
EMP0182,FY25-H2,4,Standard,EMP0249
EMP0183,FY25-H1,4,High,EMP0242
EMP0183,FY25-H2,4,Standard,EMP0242
EMP0183,FY26-H1,4,Standard,EMP0242
EMP0185,FY25-H1,4,High,EMP0209
EMP0185,FY25-H2,4,Standard,EMP0209
EMP0185,FY26-H1,3,Standard,EMP0209
EMP0189,FY25-H1,1,Standard,EMP0245
EMP0189,FY25-H2,2,Standard,EMP0245
EMP0189,FY26-H1,1,Standard,EMP0245
EMP0191,FY25-H1,5,Standard,EMP0144
EMP0191,FY25-H2,4,High,EMP0144
EMP0191,FY26-H1,4,Standard,EMP0144
EMP0192,FY25-H1,3,Standard,EMP0381
EMP0192,FY25-H2,3,Standard,EMP0381
EMP0192,FY26-H1,3,Standard,EMP0381
EMP0193,FY25-H1,4,Standard,EMP0320
EMP0193,FY25-H2,4,Standard,EMP0320
EMP0193,FY26-H1,4,High,EMP0320
EMP0194,FY25-H1,1,Standard,EMP0053
EMP0194,FY25-H2,3,Standard,EMP0053
EMP0194,FY26-H1,2,Standard,EMP0053
EMP0195,FY25-H1,3,Standard,EMP0067
EMP0196,FY25-H1,3,Standard,EMP0273
EMP0196,FY25-H2,3,Standard,EMP0273
EMP0196,FY26-H1,3,Standard,EMP0273
EMP0198,FY25-H1,3,Standard,EMP0079
EMP0198,FY25-H2,3,Standard,EMP0079
EMP0198,FY26-H1,5,High,EMP0079
EMP0199,FY25-H2,4,High,EMP0365
EMP0199,FY26-H1,4,High,EMP0365
EMP0200,FY25-H1,3,Standard,EMP0194
EMP0200,FY25-H2,3,Standard,EMP0194
EMP0200,FY26-H1,3,Standard,EMP0194
EMP0201,FY25-H1,3,Standard,EMP0227
EMP0201,FY25-H2,3,Standard,EMP0227
EMP0202,FY25-H1,3,Standard,EMP0254
EMP0202,FY25-H2,3,Standard,EMP0254
EMP0202,FY26-H1,3,Standard,EMP0254
EMP0203,FY25-H1,3,Standard,EMP0211
EMP0205,FY25-H2,1,Standard,EMP0145
EMP0205,FY26-H1,2,Standard,EMP0145
EMP0206,FY25-H1,2,Standard,EMP0202
EMP0206,FY25-H2,3,Standard,EMP0202
EMP0206,FY26-H1,3,Standard,EMP0202
EMP0208,FY25-H1,5,Standard,EMP0269
EMP0208,FY25-H2,4,Standard,EMP0269
EMP0208,FY26-H1,5,High,EMP0269
EMP0209,FY25-H1,3,Standard,EMP0224
EMP0210,FY25-H1,3,Standard,EMP0132
EMP0211,FY25-H1,3,Standard,EMP0224
EMP0211,FY25-H2,4,High,EMP0224
EMP0211,FY26-H1,3,Standard,EMP0224
EMP0212,FY25-H1,3,Standard,EMP0346
EMP0212,FY25-H2,3,Standard,EMP0346
EMP0213,FY25-H1,3,Standard,EMP0175
EMP0214,FY25-H1,3,Standard,EMP0340
EMP0214,FY25-H2,3,Standard,EMP0340
EMP0214,FY26-H1,3,Standard,EMP0340
EMP0215,FY25-H1,3,Standard,EMP0214
EMP0215,FY25-H2,3,Standard,EMP0214
EMP0215,FY26-H1,4,High,EMP0214
EMP0216,FY26-H1,3,Standard,EMP0399
EMP0217,FY25-H2,3,Standard,EMP0390
EMP0217,FY26-H1,3,Standard,EMP0390
EMP0218,FY25-H1,3,Standard,EMP0201
EMP0218,FY25-H2,2,Standard,EMP0201
EMP0218,FY26-H1,3,Standard,EMP0201
EMP0220,FY25-H1,3,Standard,EMP0392
EMP0220,FY25-H2,3,Standard,EMP0392
EMP0220,FY26-H1,4,High,EMP0392
EMP0221,FY25-H1,5,Standard,EMP0079
EMP0221,FY25-H2,5,High,EMP0079
EMP0221,FY26-H1,4,Standard,EMP0079
EMP0222,FY25-H1,2,Standard,EMP0420
EMP0222,FY25-H2,3,Standard,EMP0420
EMP0222,FY26-H1,3,Standard,EMP0420
EMP0223,FY25-H1,2,Standard,EMP0382
EMP0223,FY25-H2,2,Standard,EMP0382
EMP0223,FY26-H1,3,Standard,EMP0382
EMP0224,FY25-H1,3,Standard,EMP0005
EMP0224,FY25-H2,3,Standard,EMP0005
EMP0224,FY26-H1,4,Standard,EMP0005
EMP0225,FY26-H1,3,Standard,EMP0114
EMP0228,FY25-H2,5,Standard,EMP0142
EMP0228,FY26-H1,5,Standard,EMP0142
EMP0229,FY25-H1,4,High,EMP0158
EMP0229,FY25-H2,4,High,EMP0158
EMP0229,FY26-H1,3,Standard,EMP0158
EMP0231,FY25-H1,2,Standard,EMP0233
EMP0232,FY25-H1,3,Standard,EMP0083
EMP0232,FY25-H2,3,Standard,EMP0083
EMP0232,FY26-H1,3,Standard,EMP0083
EMP0234,FY25-H1,1,Standard,EMP0375
EMP0234,FY25-H2,1,Standard,EMP0375
EMP0234,FY26-H1,1,Standard,EMP0375
EMP0236,FY25-H2,5,Standard,
EMP0236,FY26-H1,5,High,
EMP0237,FY25-H2,5,High,EMP0383
EMP0237,FY26-H1,4,Standard,EMP0383
EMP0238,FY25-H1,3,Standard,EMP0148
EMP0238,FY25-H2,3,Standard,EMP0148
EMP0238,FY26-H1,3,Standard,EMP0148
EMP0239,FY25-H1,1,Standard,EMP0047
EMP0239,FY25-H2,2,Standard,EMP0047
EMP0239,FY26-H1,2,Standard,EMP0047
EMP0242,FY25-H1,4,High,EMP0247
EMP0242,FY25-H2,4,Standard,EMP0247
EMP0242,FY26-H1,3,Standard,EMP0247
EMP0244,FY25-H1,1,Standard,EMP0419
EMP0244,FY25-H2,1,Standard,EMP0419
EMP0245,FY25-H1,4,High,EMP0268
EMP0245,FY25-H2,3,Standard,EMP0268
EMP0245,FY26-H1,4,High,EMP0268
EMP0246,FY25-H1,5,High,EMP0245
EMP0246,FY25-H2,5,Standard,EMP0245
EMP0246,FY26-H1,5,Standard,EMP0245
EMP0248,FY25-H1,3,Standard,EMP0369
EMP0248,FY25-H2,2,Standard,EMP0369
EMP0248,FY26-H1,3,Standard,EMP0369
EMP0249,FY25-H1,4,Standard,EMP0201
EMP0249,FY25-H2,5,Standard,EMP0201
EMP0249,FY26-H1,5,High,EMP0201
EMP0250,FY25-H1,3,Standard,EMP0362
EMP0250,FY25-H2,3,Standard,EMP0362
EMP0250,FY26-H1,3,Standard,EMP0362
EMP0252,FY25-H2,3,Standard,EMP0163
EMP0252,FY26-H1,5,High,EMP0163
EMP0253,FY25-H1,4,High,EMP0066
EMP0253,FY25-H2,4,High,EMP0066
EMP0253,FY26-H1,5,High,EMP0066
EMP0255,FY25-H1,2,Standard,EMP0340
EMP0255,FY25-H2,2,Standard,EMP0340
EMP0255,FY26-H1,2,Standard,EMP0340
EMP0257,FY25-H1,3,Standard,EMP0152
EMP0257,FY25-H2,3,Standard,EMP0152
EMP0257,FY26-H1,3,Standard,EMP0152
EMP0258,FY25-H1,2,Standard,EMP0017
EMP0258,FY25-H2,2,Standard,EMP0017
EMP0262,FY26-H1,3,Standard,
EMP0263,FY25-H1,2,Standard,EMP0053
EMP0263,FY25-H2,2,Standard,EMP0053
EMP0263,FY26-H1,3,Standard,EMP0053
EMP0265,FY25-H1,1,Standard,EMP0392
EMP0265,FY25-H2,2,Standard,EMP0392
EMP0265,FY26-H1,1,Standard,EMP0392
EMP0266,FY25-H2,2,Standard,EMP0186
EMP0266,FY26-H1,3,Standard,EMP0186
EMP0267,FY25-H1,1,Standard,EMP0031
EMP0267,FY25-H2,3,Standard,EMP0031
EMP0267,FY26-H1,2,Standard,EMP0031
EMP0268,FY25-H1,5,High,EMP0061
EMP0268,FY25-H2,5,Standard,EMP0061
EMP0268,FY26-H1,5,Standard,EMP0061
EMP0269,FY25-H1,3,Standard,EMP0030
EMP0270,FY25-H1,4,Standard,EMP0112
EMP0270,FY25-H2,3,Standard,EMP0112
EMP0270,FY26-H1,3,Standard,EMP0112
EMP0271,FY25-H2,3,Standard,EMP0016
EMP0271,FY26-H1,3,Standard,EMP0016
EMP0272,FY25-H1,5,High,EMP0355
EMP0272,FY25-H2,5,Standard,EMP0355
EMP0274,FY26-H1,4,High,EMP0413
EMP0277,FY26-H1,3,Standard,EMP0146
EMP0278,FY26-H1,4,Standard,EMP0158
EMP0279,FY25-H1,1,Standard,EMP0202
EMP0279,FY25-H2,2,Standard,EMP0202
EMP0280,FY25-H1,3,Standard,EMP0148
EMP0280,FY25-H2,3,Standard,EMP0148
EMP0280,FY26-H1,2,Standard,EMP0148
EMP0282,FY26-H1,3,Standard,EMP0076
EMP0283,FY25-H1,4,Standard,EMP0058
EMP0283,FY25-H2,3,Standard,EMP0058
EMP0283,FY26-H1,4,Standard,EMP0058
EMP0284,FY25-H1,3,Standard,EMP0369
EMP0288,FY25-H2,2,Standard,EMP0235
EMP0288,FY26-H1,3,Standard,EMP0235
EMP0290,FY25-H1,3,Standard,EMP0313
EMP0291,FY25-H1,1,Standard,EMP0068
EMP0292,FY26-H1,3,Standard,EMP0396
EMP0293,FY25-H1,5,High,EMP0247
EMP0293,FY25-H2,4,High,EMP0247
EMP0293,FY26-H1,4,Standard,EMP0247
EMP0294,FY25-H1,3,Standard,EMP0254
EMP0294,FY25-H2,2,Standard,EMP0254
EMP0294,FY26-H1,3,Standard,EMP0254
EMP0295,FY25-H1,3,Standard,EMP0224
EMP0295,FY25-H2,3,Standard,EMP0224
EMP0295,FY26-H1,3,Standard,EMP0224
EMP0296,FY25-H1,1,Standard,EMP0086
EMP0296,FY25-H2,1,Standard,EMP0086
EMP0296,FY26-H1,1,Standard,EMP0086
EMP0297,FY25-H1,3,Standard,EMP0017
EMP0298,FY25-H1,3,Standard,EMP0369
EMP0298,FY25-H2,3,Standard,EMP0369
EMP0298,FY26-H1,3,Standard,EMP0369
EMP0299,FY25-H1,2,Standard,EMP0040
EMP0299,FY25-H2,2,Standard,EMP0040
EMP0299,FY26-H1,3,Standard,EMP0040
EMP0300,FY26-H1,4,Standard,EMP0116
EMP0302,FY25-H1,4,High,EMP0388
EMP0303,FY25-H1,3,Standard,EMP0068
EMP0304,FY25-H1,4,High,EMP0242
EMP0305,FY26-H1,1,Standard,EMP0277
EMP0306,FY25-H1,3,Standard,EMP0319
EMP0306,FY25-H2,3,Standard,EMP0319
EMP0306,FY26-H1,3,Standard,EMP0319
EMP0307,FY26-H1,2,Standard,EMP0275
EMP0309,FY26-H1,3,Standard,EMP0365
EMP0310,FY25-H2,3,Standard,EMP0398
EMP0310,FY26-H1,4,Standard,EMP0398
EMP0311,FY25-H1,2,Standard,EMP0381
EMP0311,FY25-H2,2,Standard,EMP0381
EMP0311,FY26-H1,3,Standard,EMP0381
EMP0312,FY25-H2,4,High,EMP0191
EMP0312,FY26-H1,3,Standard,EMP0191
EMP0314,FY25-H1,4,High,EMP0127
EMP0314,FY25-H2,4,Standard,EMP0127
EMP0315,FY25-H1,1,Standard,EMP0015
EMP0315,FY25-H2,1,Standard,EMP0015
EMP0315,FY26-H1,1,Standard,EMP0015
EMP0317,FY26-H1,2,Standard,EMP0327
EMP0318,FY25-H1,4,High,EMP0165
EMP0318,FY25-H2,3,Standard,EMP0165
EMP0318,FY26-H1,3,Standard,EMP0165
EMP0320,FY25-H1,4,Standard,EMP0414
EMP0320,FY25-H2,4,Standard,EMP0414
EMP0320,FY26-H1,4,Standard,EMP0414
EMP0322,FY26-H1,4,Standard,EMP0237
EMP0323,FY25-H1,1,Standard,EMP0032
EMP0323,FY25-H2,1,Standard,EMP0032
EMP0323,FY26-H1,1,Standard,EMP0032
EMP0324,FY26-H1,3,Standard,EMP0046
EMP0327,FY25-H1,3,Standard,EMP0133
EMP0327,FY25-H2,3,Standard,EMP0133
EMP0327,FY26-H1,3,Standard,EMP0133
EMP0330,FY25-H1,2,Standard,EMP0141
EMP0330,FY25-H2,1,Standard,EMP0141
EMP0330,FY26-H1,3,Standard,EMP0141
EMP0331,FY25-H1,1,Standard,EMP0031
EMP0331,FY25-H2,1,Standard,EMP0031
EMP0331,FY26-H1,1,Standard,EMP0031
EMP0332,FY25-H1,3,Standard,EMP0139
EMP0332,FY25-H2,4,Standard,EMP0139
EMP0332,FY26-H1,3,Standard,EMP0139
EMP0333,FY25-H1,2,Standard,EMP0239
EMP0333,FY25-H2,1,Standard,EMP0239
EMP0333,FY26-H1,2,Standard,EMP0239
EMP0334,FY25-H2,5,Standard,EMP0302
EMP0334,FY26-H1,5,Standard,EMP0302
EMP0337,FY25-H1,3,Standard,EMP0411
EMP0337,FY25-H2,3,Standard,EMP0411
EMP0337,FY26-H1,3,Standard,EMP0411
EMP0338,FY25-H1,1,Standard,EMP0392
EMP0338,FY25-H2,1,Standard,EMP0392
EMP0338,FY26-H1,2,Standard,EMP0392
EMP0339,FY25-H1,5,Standard,EMP0247
EMP0339,FY25-H2,5,Standard,EMP0247
EMP0339,FY26-H1,5,High,EMP0247
EMP0340,FY25-H1,4,Standard,
EMP0340,FY25-H2,3,Standard,
EMP0340,FY26-H1,4,Standard,
EMP0343,FY25-H1,3,Standard,EMP0046
EMP0343,FY25-H2,5,High,EMP0046
EMP0343,FY26-H1,3,Standard,EMP0046
EMP0344,FY25-H1,3,Standard,EMP0086
EMP0344,FY25-H2,3,Standard,EMP0086
EMP0344,FY26-H1,3,Standard,EMP0086
EMP0347,FY25-H1,3,Standard,EMP0207
EMP0347,FY25-H2,4,Standard,EMP0207
EMP0347,FY26-H1,4,Standard,EMP0207
EMP0349,FY25-H1,4,Standard,EMP0061
EMP0349,FY25-H2,4,Standard,EMP0061
EMP0349,FY26-H1,3,Standard,EMP0061
EMP0350,FY25-H2,3,Standard,EMP0181
EMP0350,FY26-H1,2,Standard,EMP0181
EMP0351,FY25-H1,3,Standard,EMP0226
EMP0351,FY25-H2,3,Standard,EMP0226
EMP0352,FY25-H1,2,Standard,EMP0142
EMP0352,FY25-H2,3,Standard,EMP0142
EMP0352,FY26-H1,3,Standard,EMP0142
EMP0353,FY26-H1,2,Standard,EMP0076
EMP0354,FY25-H1,3,Standard,EMP0362
EMP0356,FY25-H1,5,High,EMP0234
EMP0356,FY25-H2,4,High,EMP0234
EMP0356,FY26-H1,5,Standard,EMP0234
EMP0357,FY25-H1,4,High,EMP0067
EMP0357,FY25-H2,5,High,EMP0067
EMP0357,FY26-H1,4,High,EMP0067
EMP0358,FY25-H1,4,Standard,EMP0410
EMP0358,FY25-H2,3,Standard,EMP0410
EMP0358,FY26-H1,4,High,EMP0410
EMP0359,FY25-H1,3,Standard,EMP0321
EMP0359,FY25-H2,4,Standard,EMP0321
EMP0359,FY26-H1,3,Standard,EMP0321
EMP0361,FY25-H1,4,Standard,EMP0259
EMP0361,FY25-H2,3,Standard,EMP0259
EMP0361,FY26-H1,3,Standard,EMP0259
EMP0362,FY25-H1,2,Standard,EMP0006
EMP0362,FY25-H2,1,Standard,EMP0006
EMP0362,FY26-H1,2,Standard,EMP0006
EMP0363,FY25-H1,3,Standard,EMP0052
EMP0363,FY25-H2,4,Standard,EMP0052
EMP0363,FY26-H1,2,Standard,EMP0052
EMP0364,FY25-H1,3,Standard,EMP0407
EMP0364,FY25-H2,1,Standard,EMP0407
EMP0365,FY25-H1,3,Standard,EMP0264
EMP0365,FY25-H2,3,Standard,EMP0264
EMP0365,FY26-H1,3,Standard,EMP0264
EMP0367,FY25-H1,2,Standard,EMP0099
EMP0370,FY25-H1,1,Standard,EMP0034
EMP0371,FY25-H1,2,Standard,
EMP0371,FY25-H2,2,Standard,
EMP0371,FY26-H1,4,Standard,
EMP0372,FY25-H1,2,Standard,EMP0251
EMP0372,FY25-H2,2,Standard,EMP0251
EMP0372,FY26-H1,3,Standard,EMP0251
EMP0374,FY26-H1,2,Standard,EMP0293
EMP0377,FY25-H1,2,Standard,EMP0069
EMP0377,FY25-H2,1,Standard,EMP0069
EMP0377,FY26-H1,2,Standard,EMP0069
EMP0379,FY25-H1,3,Standard,EMP0323
EMP0379,FY25-H2,3,Standard,EMP0323
EMP0379,FY26-H1,4,Standard,EMP0323
EMP0381,FY25-H1,4,High,
EMP0381,FY25-H2,4,High,
EMP0381,FY26-H1,5,Standard,
EMP0383,FY25-H1,3,Standard,EMP0079
EMP0383,FY25-H2,3,Standard,EMP0079
EMP0383,FY26-H1,3,Standard,EMP0079
EMP0386,FY25-H1,5,High,EMP0142
EMP0386,FY25-H2,4,Standard,EMP0142
EMP0386,FY26-H1,3,Standard,EMP0142
EMP0387,FY25-H1,3,Standard,
EMP0387,FY25-H2,4,High,
EMP0387,FY26-H1,3,Standard,
EMP0388,FY25-H1,2,Standard,
EMP0388,FY25-H2,1,Standard,
EMP0388,FY26-H1,1,Standard,
EMP0389,FY25-H2,3,Standard,EMP0139
EMP0389,FY26-H1,3,Standard,EMP0139
EMP0390,FY25-H1,3,Standard,EMP0340
EMP0390,FY25-H2,4,Standard,EMP0340
EMP0390,FY26-H1,3,Standard,EMP0340
EMP0391,FY25-H1,1,Standard,EMP0414
EMP0392,FY25-H1,3,Standard,EMP0117
EMP0392,FY25-H2,3,Standard,EMP0117
EMP0392,FY26-H1,3,Standard,EMP0117
EMP0394,FY25-H1,2,Standard,EMP0332
EMP0394,FY25-H2,1,Standard,EMP0332
EMP0394,FY26-H1,3,Standard,EMP0332
EMP0395,FY25-H1,2,Standard,EMP0369
EMP0395,FY25-H2,2,Standard,EMP0369
EMP0395,FY26-H1,2,Standard,EMP0369
EMP0396,FY25-H1,5,High,EMP0373
EMP0396,FY25-H2,5,High,EMP0373
EMP0396,FY26-H1,5,Standard,EMP0373
EMP0397,FY25-H1,4,Standard,EMP0381
EMP0397,FY25-H2,4,High,EMP0381
EMP0397,FY26-H1,4,High,EMP0381
EMP0398,FY25-H1,3,Standard,EMP0415
EMP0398,FY25-H2,1,Standard,EMP0415
EMP0398,FY26-H1,1,Standard,EMP0415
EMP0400,FY25-H1,5,Standard,EMP0095
EMP0400,FY25-H2,5,High,EMP0095
EMP0400,FY26-H1,5,Standard,EMP0095
EMP0401,FY25-H1,4,High,EMP0069
EMP0401,FY25-H2,5,Standard,EMP0069
EMP0401,FY26-H1,3,Standard,EMP0069
EMP0402,FY25-H1,3,Standard,EMP0110
EMP0402,FY25-H2,3,Standard,EMP0110
EMP0402,FY26-H1,3,Standard,EMP0110
EMP0403,FY25-H1,3,Standard,EMP0143
EMP0403,FY25-H2,2,Standard,EMP0143
EMP0403,FY26-H1,2,Standard,EMP0143
EMP0404,FY25-H1,3,Standard,EMP0117
EMP0404,FY25-H2,3,Standard,EMP0117
EMP0404,FY26-H1,3,Standard,EMP0117
EMP0405,FY25-H1,3,Standard,EMP0401
EMP0405,FY25-H2,3,Standard,EMP0401
EMP0405,FY26-H1,2,Standard,EMP0401
EMP0407,FY25-H1,2,Standard,EMP0172
EMP0407,FY25-H2,3,Standard,EMP0172
EMP0407,FY26-H1,3,Standard,EMP0172
EMP0408,FY25-H1,3,Standard,EMP0086
EMP0408,FY25-H2,3,Standard,EMP0086
EMP0408,FY26-H1,4,High,EMP0086
EMP0411,FY25-H1,3,Standard,EMP0053
EMP0411,FY25-H2,3,Standard,EMP0053
EMP0411,FY26-H1,3,Standard,EMP0053
EMP0412,FY25-H1,3,Standard,EMP0134
EMP0412,FY25-H2,3,Standard,EMP0134
EMP0412,FY26-H1,4,Standard,EMP0134
EMP0415,FY25-H1,3,Standard,EMP0127
EMP0415,FY25-H2,3,Standard,EMP0127
EMP0415,FY26-H1,3,Standard,EMP0127
EMP0416,FY25-H1,4,High,EMP0214
EMP0416,FY25-H2,3,Standard,EMP0214
EMP0416,FY26-H1,3,Standard,EMP0214
EMP0417,FY25-H1,3,Standard,EMP0066
EMP0417,FY25-H2,3,Standard,EMP0066
EMP0417,FY26-H1,4,Standard,EMP0066
EMP0418,FY25-H2,4,Standard,EMP0014
EMP0418,FY26-H1,5,High,EMP0014
EMP0419,FY25-H1,5,High,EMP0268
EMP0419,FY25-H2,5,High,EMP0268
EMP0419,FY26-H1,5,High,EMP0268
